-- MySQL dump 10.13  Distrib 8.0.19, for Linux (x86_64)
--
-- Host: localhost    Database: eapi
-- ------------------------------------------------------
-- Server version	8.0.19-0ubuntu0.19.10.3

/*!40101 SET @OLD_CHARACTER_SET_CLIENT=@@CHARACTER_SET_CLIENT */;
/*!40101 SET @OLD_CHARACTER_SET_RESULTS=@@CHARACTER_SET_RESULTS */;
/*!40101 SET @OLD_COLLATION_CONNECTION=@@COLLATION_CONNECTION */;
/*!50503 SET NAMES utf8mb4 */;
/*!40103 SET @OLD_TIME_ZONE=@@TIME_ZONE */;
/*!40103 SET TIME_ZONE='+00:00' */;
/*!40014 SET @OLD_UNIQUE_CHECKS=@@UNIQUE_CHECKS, UNIQUE_CHECKS=0 */;
/*!40014 SET @OLD_FOREIGN_KEY_CHECKS=@@FOREIGN_KEY_CHECKS, FOREIGN_KEY_CHECKS=0 */;
/*!40101 SET @OLD_SQL_MODE=@@SQL_MODE, SQL_MODE='NO_AUTO_VALUE_ON_ZERO' */;
/*!40111 SET @OLD_SQL_NOTES=@@SQL_NOTES, SQL_NOTES=0 */;

--
-- Table structure for table `failed_jobs`
--

DROP TABLE IF EXISTS `failed_jobs`;
/*!40101 SET @saved_cs_client     = @@character_set_client */;
/*!50503 SET character_set_client = utf8mb4 */;
CREATE TABLE `failed_jobs` (
  `id` bigint unsigned NOT NULL AUTO_INCREMENT,
  `connection` text COLLATE utf8mb4_unicode_ci NOT NULL,
  `queue` text COLLATE utf8mb4_unicode_ci NOT NULL,
  `payload` longtext COLLATE utf8mb4_unicode_ci NOT NULL,
  `exception` longtext COLLATE utf8mb4_unicode_ci NOT NULL,
  `failed_at` timestamp NOT NULL DEFAULT CURRENT_TIMESTAMP,
  PRIMARY KEY (`id`)
) ENGINE=InnoDB DEFAULT CHARSET=utf8mb4 COLLATE=utf8mb4_unicode_ci;
/*!40101 SET character_set_client = @saved_cs_client */;

--
-- Dumping data for table `failed_jobs`
--

LOCK TABLES `failed_jobs` WRITE;
/*!40000 ALTER TABLE `failed_jobs` DISABLE KEYS */;
/*!40000 ALTER TABLE `failed_jobs` ENABLE KEYS */;
UNLOCK TABLES;

--
-- Table structure for table `migrations`
--

DROP TABLE IF EXISTS `migrations`;
/*!40101 SET @saved_cs_client     = @@character_set_client */;
/*!50503 SET character_set_client = utf8mb4 */;
CREATE TABLE `migrations` (
  `id` int unsigned NOT NULL AUTO_INCREMENT,
  `migration` varchar(255) COLLATE utf8mb4_unicode_ci NOT NULL,
  `batch` int NOT NULL,
  PRIMARY KEY (`id`)
) ENGINE=InnoDB AUTO_INCREMENT=17 DEFAULT CHARSET=utf8mb4 COLLATE=utf8mb4_unicode_ci;
/*!40101 SET character_set_client = @saved_cs_client */;

--
-- Dumping data for table `migrations`
--

LOCK TABLES `migrations` WRITE;
/*!40000 ALTER TABLE `migrations` DISABLE KEYS */;
INSERT INTO `migrations` VALUES (13,'2014_10_12_000000_create_users_table',1),(14,'2019_08_19_000000_create_failed_jobs_table',1),(15,'2020_03_19_103120_create_products_table',1),(16,'2020_03_19_103130_create_reviews_table',2);
/*!40000 ALTER TABLE `migrations` ENABLE KEYS */;
UNLOCK TABLES;

--
-- Table structure for table `products`
--

DROP TABLE IF EXISTS `products`;
/*!40101 SET @saved_cs_client     = @@character_set_client */;
/*!50503 SET character_set_client = utf8mb4 */;
CREATE TABLE `products` (
  `id` int unsigned NOT NULL AUTO_INCREMENT,
  `name` varchar(255) COLLATE utf8mb4_unicode_ci NOT NULL,
  `detail` text COLLATE utf8mb4_unicode_ci NOT NULL,
  `price` int NOT NULL,
  `stock` int NOT NULL,
  `discount` int NOT NULL,
  `created_at` timestamp NULL DEFAULT NULL,
  `updated_at` timestamp NULL DEFAULT NULL,
  PRIMARY KEY (`id`)
) ENGINE=InnoDB AUTO_INCREMENT=51 DEFAULT CHARSET=utf8mb4 COLLATE=utf8mb4_unicode_ci;
/*!40101 SET character_set_client = @saved_cs_client */;

--
-- Dumping data for table `products`
--

LOCK TABLES `products` WRITE;
/*!40000 ALTER TABLE `products` DISABLE KEYS */;
INSERT INTO `products` VALUES (1,'distinctio','Molestias ipsum eveniet expedita voluptas consequatur nihil qui. Et quia aspernatur porro ea necessitatibus reprehenderit.',301,9,20,'2020-03-19 16:09:37','2020-03-19 16:09:37'),(2,'consequatur','Asperiores quas non recusandae dolores quis aperiam. Eius suscipit doloremque veritatis omnis cumque. Explicabo ut atque doloremque eum consequatur qui. Eum optio est vitae voluptates magni ea iusto.',796,3,22,'2020-03-19 16:09:37','2020-03-19 16:09:37'),(3,'nobis','Ut praesentium voluptatum excepturi adipisci. Rerum eos et et dignissimos aut. Rerum nobis qui ea expedita repellendus autem molestiae. In voluptates id et est eaque sequi.',780,7,19,'2020-03-19 16:09:37','2020-03-19 16:09:37'),(4,'deleniti','Exercitationem debitis eos non odio repellat. Dolorum et qui qui minus. Quo sint illo odio amet ipsum ullam. Qui dolorem eligendi aut unde magnam aliquam provident.',476,2,12,'2020-03-19 16:09:37','2020-03-19 16:09:37'),(5,'doloremque','Placeat ut est non ullam sint. In a assumenda reprehenderit esse. Veniam tempora dolorum laborum vel molestias in. Odio et sit odio omnis id quos ut.',754,8,23,'2020-03-19 16:09:37','2020-03-19 16:09:37'),(6,'occaecati','Aut itaque sit incidunt. Quibusdam rerum consequatur molestiae veritatis aut perspiciatis. Asperiores voluptates quaerat quaerat ratione.',368,0,19,'2020-03-19 16:09:38','2020-03-19 16:09:38'),(7,'in','Ipsa repellat dolores odio cupiditate voluptatem ab rerum. Dolor rerum aut consequatur repudiandae. Rerum vero quod id totam dignissimos nesciunt. Natus aut quos aperiam velit soluta illo voluptatem.',888,3,18,'2020-03-19 16:09:38','2020-03-19 16:09:38'),(8,'harum','Est est libero nesciunt. Sed et temporibus nostrum nostrum qui. Eius ab consequatur ea. Labore reiciendis similique facere molestiae vero.',365,2,4,'2020-03-19 16:09:38','2020-03-19 16:09:38'),(9,'assumenda','Quos qui error optio quos iusto. Aut et molestias explicabo consectetur provident maxime et tempora. Enim vel et aut itaque. Nostrum minima labore dicta laborum dolore a.',413,6,15,'2020-03-19 16:09:38','2020-03-19 16:09:38'),(10,'praesentium','Hic omnis ipsa magni. Autem qui nihil numquam esse consectetur ullam veritatis. Eaque odio sint officiis nihil. Quia assumenda vel est et iure vel tenetur autem.',424,8,27,'2020-03-19 16:09:38','2020-03-19 16:09:38'),(11,'neque','Et in quia provident id voluptatem. Cum sit deleniti enim et est totam eligendi. Quo alias occaecati expedita expedita optio deleniti tempora.',163,2,28,'2020-03-19 16:09:39','2020-03-19 16:09:39'),(12,'autem','Quia velit totam amet ipsum cupiditate. Id odit minima officiis repellendus. Quis rerum quis enim.',366,8,12,'2020-03-19 16:09:39','2020-03-19 16:09:39'),(13,'soluta','Minima eos illum velit mollitia veritatis magni. Ipsum voluptate quidem at voluptatem et. Eum repudiandae soluta consequuntur in deleniti et aut.',593,0,4,'2020-03-19 16:09:39','2020-03-19 16:09:39'),(14,'qui','Optio eligendi enim quam ut. Facilis dignissimos nisi omnis consectetur. Aut velit quasi illo libero blanditiis. Sint sint dolores quia quasi et.',553,8,20,'2020-03-19 16:09:39','2020-03-19 16:09:39'),(15,'rerum','Cum eum neque vero hic quia blanditiis. Dolores molestiae enim natus sint autem.',588,0,15,'2020-03-19 16:09:39','2020-03-19 16:09:39'),(16,'ratione','Doloremque distinctio soluta inventore iusto velit maiores in. Sunt rerum perferendis aliquid et est et voluptatem et. Consequatur velit itaque nam consectetur. Velit magni expedita quisquam id adipisci.',797,3,17,'2020-03-19 16:09:39','2020-03-19 16:09:39'),(17,'velit','Odio beatae culpa vel perspiciatis. Accusamus et sint dolorem facilis voluptate nobis. Et officia ut omnis molestiae dolorum occaecati quod.',149,8,23,'2020-03-19 16:09:39','2020-03-19 16:09:39'),(18,'pariatur','Impedit soluta quam explicabo ullam aut dolorem eius est. Velit fugiat aut ut iste nobis debitis. Corrupti nesciunt labore reiciendis magni quidem.',292,9,27,'2020-03-19 16:09:39','2020-03-19 16:09:39'),(19,'qui','Vel eaque officiis quos. Quibusdam voluptatem quam sapiente blanditiis. Et cumque et ullam iure. Est eum aliquid hic rem laudantium aperiam et.',331,3,30,'2020-03-19 16:09:39','2020-03-19 16:09:39'),(20,'voluptas','Dignissimos dolores aspernatur natus consequatur voluptates. Ut culpa amet nulla consequatur. Facilis esse aut corrupti pariatur.',391,4,25,'2020-03-19 16:09:39','2020-03-19 16:09:39'),(21,'laborum','Aut quibusdam veniam eum ipsum adipisci ea dolores porro. Veritatis et illo consequatur veniam officia minus. Dolorem nobis debitis aspernatur. Eum in quos accusantium nostrum.',533,1,16,'2020-03-19 16:09:40','2020-03-19 16:09:40'),(22,'quos','Ullam commodi fugiat porro non aut molestias. Aut dolorem eius repudiandae illo totam eaque voluptates consequatur. Nesciunt sit nesciunt corrupti tenetur enim.',133,7,21,'2020-03-19 16:09:40','2020-03-19 16:09:40'),(23,'facere','Vitae similique amet fugiat illo. Amet corrupti officiis optio recusandae totam tempora. Est culpa et eum eveniet accusamus. Repellat distinctio dolorem labore voluptas magni.',129,9,29,'2020-03-19 16:09:40','2020-03-19 16:09:40'),(24,'ipsam','Dolores maiores qui voluptas nobis iste. Qui reiciendis sint beatae enim.',797,5,4,'2020-03-19 16:09:40','2020-03-19 16:09:40'),(25,'explicabo','Ab quisquam sunt rem nihil omnis quis eveniet. Inventore error qui quis sed sed. Molestias expedita ipsam repellendus a dolorem accusantium hic. Alias adipisci sit ex cum.',391,7,22,'2020-03-19 16:09:40','2020-03-19 16:09:40'),(26,'dolorem','Officiis optio eligendi harum perferendis facilis quis autem. Et ab error id et facilis repudiandae excepturi recusandae. Officia a deleniti optio iste. Adipisci enim sint accusantium eos deserunt. Et autem ratione qui repellat.',868,9,6,'2020-03-19 16:09:40','2020-03-19 16:09:40'),(27,'beatae','Eaque quasi quisquam vel accusamus est rerum. Officiis eos quia dolore cupiditate non. Vero aut delectus cum tempore praesentium. Quaerat et vel quam eos in. Quidem nobis exercitationem nam itaque laudantium veniam animi.',542,5,5,'2020-03-19 16:09:40','2020-03-19 16:09:40'),(28,'et','Voluptatibus nesciunt maiores in eos sed autem et. Saepe et dolorem libero et. Qui enim excepturi nostrum eos est nostrum. Iste illum sed quia iste.',511,7,21,'2020-03-19 16:09:40','2020-03-19 16:09:40'),(29,'ut','Accusantium iusto ex et veritatis cupiditate ducimus animi. Qui sit reprehenderit delectus culpa. Quo maiores iusto autem iusto deleniti.',409,3,7,'2020-03-19 16:09:40','2020-03-19 16:09:40'),(30,'nulla','Modi eaque iure consectetur id ex. Est reiciendis sit eum ipsum ea nisi aut eveniet. Qui et alias at et illum soluta.',432,5,27,'2020-03-19 16:09:41','2020-03-19 16:09:41'),(31,'molestiae','Quis deserunt eligendi magni sit omnis unde. Officia nostrum qui fuga sunt voluptatem. Placeat consectetur similique delectus expedita et et et. Laboriosam saepe repellendus quam nisi rerum officia.',502,2,29,'2020-03-19 16:09:41','2020-03-19 16:09:41'),(32,'quibusdam','Debitis voluptatem doloremque fugiat earum cumque aut. Omnis hic non optio magni molestiae est. Voluptatem tenetur eum placeat labore voluptatibus ipsa. Tenetur voluptas dolorem est ut velit atque.',277,4,14,'2020-03-19 16:09:41','2020-03-19 16:09:41'),(33,'et','Sed consequatur mollitia quae quisquam id soluta velit. Consequatur possimus voluptate autem sed.',692,7,6,'2020-03-19 16:09:41','2020-03-19 16:09:41'),(34,'ea','Eos qui veritatis qui dolorum quae. Voluptatibus molestias consectetur similique vitae dolorem explicabo pariatur. Neque nobis et suscipit eos.',308,7,27,'2020-03-19 16:09:41','2020-03-19 16:09:41'),(35,'aut','Reprehenderit saepe eius et debitis dolores molestiae. Ea dolorem accusantium voluptatem a.',237,0,4,'2020-03-19 16:09:41','2020-03-19 16:09:41'),(36,'voluptatem','Enim facilis fugit est eveniet aut nesciunt. Nostrum optio assumenda tempora voluptatibus neque deserunt. Ut totam aut odio officia vero necessitatibus.',346,3,6,'2020-03-19 16:09:41','2020-03-19 16:09:41'),(37,'molestias','Ducimus optio ut blanditiis asperiores officia. Alias praesentium in dolorem unde expedita. Sunt magnam repudiandae quia cum voluptate consequatur magni. Cumque est natus numquam accusantium ratione earum et.',259,2,8,'2020-03-19 16:09:41','2020-03-19 16:09:41'),(38,'voluptates','Sit sed ea est rerum. Voluptatem omnis accusamus in sequi aperiam ipsum enim. Consequatur iure ad rerum. Vel eos ipsa eligendi laudantium.',158,9,2,'2020-03-19 16:09:41','2020-03-19 16:09:41'),(39,'atque','Tenetur tenetur sunt non maiores enim voluptatem natus. Enim est distinctio vel qui nemo. Id ducimus debitis qui eos et. Harum facilis dolores ducimus.',692,3,13,'2020-03-19 16:09:42','2020-03-19 16:09:42'),(40,'totam','Deserunt iusto ut explicabo id similique aut consequatur. Inventore aut illum reiciendis sint et vel. Dolores minus dolore et.',999,9,6,'2020-03-19 16:09:42','2020-03-19 16:09:42'),(41,'sed','Aut est ea consequatur voluptas tenetur quod omnis. Impedit non autem iste qui. Numquam fuga dicta error rerum veniam minima. Sunt recusandae pariatur ipsum in alias rem aliquam eveniet.',555,6,27,'2020-03-19 16:09:42','2020-03-19 16:09:42'),(42,'accusamus','Beatae mollitia numquam nostrum et. Et enim id ducimus fuga ut sapiente quidem. Rerum qui suscipit sed assumenda maiores in ea aliquid.',957,3,5,'2020-03-19 16:09:42','2020-03-19 16:09:42'),(43,'qui','Et totam inventore ipsa quidem nesciunt voluptatem et aut. Est voluptas quo voluptas quia rerum velit. Est at est unde molestias id. Non alias esse molestiae.',147,3,2,'2020-03-19 16:09:42','2020-03-19 16:09:42'),(44,'expedita','Eveniet quisquam quos vero repellendus. Adipisci eveniet vitae voluptates omnis assumenda. Cum quo laboriosam ad ipsa et dolore. Repudiandae ut voluptas laboriosam minima ipsam. Ea aut repellat nemo saepe qui.',624,2,20,'2020-03-19 16:09:42','2020-03-19 16:09:42'),(45,'sed','Eveniet iste ducimus aliquam et. Animi ut et voluptas quia veniam qui. Esse delectus similique numquam tempora nesciunt. Iste laudantium tempora eaque assumenda.',658,8,25,'2020-03-19 16:09:42','2020-03-19 16:09:42'),(46,'et','Dolor quisquam mollitia accusamus voluptate. Blanditiis sed et qui non itaque.',328,5,25,'2020-03-19 16:09:43','2020-03-19 16:09:43'),(47,'dolorem','Officiis sed blanditiis dolorem fugiat pariatur quas. Et minima officiis temporibus in repellendus. Eum eius quaerat fugiat ea quia tenetur sequi. Molestias voluptas rerum ea officia aspernatur iusto voluptatum.',962,1,6,'2020-03-19 16:09:43','2020-03-19 16:09:43'),(48,'nihil','Tempora odio voluptate enim eaque ut. Animi accusamus magni odit quas id. Fugiat est aliquam ea similique saepe soluta. Rem a numquam eligendi et corrupti rerum ut.',492,1,3,'2020-03-19 16:09:43','2020-03-19 16:09:43'),(49,'eum','Aut sit nostrum officiis mollitia perspiciatis nihil ut. Nemo quia aspernatur aspernatur. Corrupti optio necessitatibus sunt.',496,3,2,'2020-03-19 16:09:43','2020-03-19 16:09:43'),(50,'deserunt','Sapiente ullam nostrum iure tempore. Provident consequatur dolores a. Quo quas rem dolores. Assumenda dicta laudantium neque fugit nam.',807,6,20,'2020-03-19 16:09:43','2020-03-19 16:09:43');
/*!40000 ALTER TABLE `products` ENABLE KEYS */;
UNLOCK TABLES;

--
-- Table structure for table `reviews`
--

DROP TABLE IF EXISTS `reviews`;
/*!40101 SET @saved_cs_client     = @@character_set_client */;
/*!50503 SET character_set_client = utf8mb4 */;
CREATE TABLE `reviews` (
  `id` int unsigned NOT NULL AUTO_INCREMENT,
  `product_id` int unsigned NOT NULL,
  `customer` varchar(255) COLLATE utf8mb4_unicode_ci NOT NULL,
  `review` text COLLATE utf8mb4_unicode_ci NOT NULL,
  `star` int NOT NULL,
  `created_at` timestamp NULL DEFAULT NULL,
  `updated_at` timestamp NULL DEFAULT NULL,
  PRIMARY KEY (`id`),
  KEY `reviews_product_id_index` (`product_id`),
  CONSTRAINT `reviews_product_id_foreign` FOREIGN KEY (`product_id`) REFERENCES `products` (`id`) ON DELETE CASCADE
) ENGINE=InnoDB AUTO_INCREMENT=301 DEFAULT CHARSET=utf8mb4 COLLATE=utf8mb4_unicode_ci;
/*!40101 SET character_set_client = @saved_cs_client */;

--
-- Dumping data for table `reviews`
--

LOCK TABLES `reviews` WRITE;
/*!40000 ALTER TABLE `reviews` DISABLE KEYS */;
INSERT INTO `reviews` VALUES (1,20,'Casimir Hoeger','Placeat omnis qui qui velit. Corrupti a rerum reprehenderit eveniet. Quidem minima est quae excepturi laudantium beatae sit.',2,'2020-03-19 16:09:43','2020-03-19 16:09:43'),(2,12,'Mr. Rosendo Towne','In quia saepe veritatis perspiciatis. Aperiam nihil rem possimus id voluptas officia. Qui dolor ex nostrum ipsa eos.',4,'2020-03-19 16:09:44','2020-03-19 16:09:44'),(3,6,'Jarrod Deckow','Nihil id explicabo quia enim voluptatem magni saepe. Accusamus et possimus iusto aliquid odio tempora. Nisi labore similique illum alias in.',1,'2020-03-19 16:09:44','2020-03-19 16:09:44'),(4,32,'Ricky Padberg','Sed nihil eos officia et et. Et aut in eum minus sapiente. Eum autem autem dolor molestias tempore velit. Hic deserunt sunt aliquam quasi velit. Vel et nesciunt iste laborum cumque.',0,'2020-03-19 16:09:44','2020-03-19 16:09:44'),(5,27,'Prof. Macie Hane I','Magnam ut aliquid amet minus dolor. Voluptas assumenda consequatur repellendus ab voluptas maxime quae. Rerum consequatur ut temporibus veniam quia. Pariatur nemo ipsum adipisci.',4,'2020-03-19 16:09:44','2020-03-19 16:09:44'),(6,49,'Gus Rath','Et cumque nisi neque vel. Tenetur quis cupiditate sit minus explicabo perspiciatis omnis. Et debitis sunt dicta et aspernatur. Necessitatibus ratione hic non et nemo laboriosam ipsam.',2,'2020-03-19 16:09:44','2020-03-19 16:09:44'),(7,3,'Prof. Hans Muller','Perspiciatis qui facilis voluptatem ad. Nostrum inventore dolor error soluta expedita accusamus atque quaerat.',4,'2020-03-19 16:09:44','2020-03-19 16:09:44'),(8,20,'Alta Pfeffer','Explicabo dolorem sapiente quod velit eligendi. Assumenda autem earum sint. Voluptatem tempore eum laudantium provident qui voluptates.',4,'2020-03-19 16:09:44','2020-03-19 16:09:44'),(9,37,'Horacio O\'Reilly','Sit nobis nisi et rerum blanditiis laudantium ipsam. Provident ut officia tempora soluta. Harum dignissimos libero sit corrupti fugit esse. Voluptatem asperiores laboriosam deleniti et ratione iusto. Neque voluptatem perspiciatis itaque nam aut delectus expedita.',5,'2020-03-19 16:09:44','2020-03-19 16:09:44'),(10,45,'Sherman Mayer','Velit est sapiente blanditiis soluta voluptas qui harum. Adipisci ut vitae quas ratione. Dolor nihil magnam aut reprehenderit harum fuga quae.',2,'2020-03-19 16:09:44','2020-03-19 16:09:44'),(11,10,'Amie Strosin','Recusandae sint qui odit aut. Consequuntur quisquam et nisi quibusdam sequi delectus enim. Aut officiis ab est praesentium iusto earum eligendi. Accusamus aliquid tempora eum ut eius expedita. Maiores ut enim ipsum a.',0,'2020-03-19 16:09:44','2020-03-19 16:09:44'),(12,2,'Raphaelle Jerde DDS','Est consequatur aut voluptatum dolores vel est facilis excepturi. Officia harum omnis consequatur quas exercitationem qui. Pariatur ut magni libero quo omnis vel.',2,'2020-03-19 16:09:45','2020-03-19 16:09:45'),(13,19,'Earnest Parisian','Praesentium cumque in officiis ex fugiat eaque nobis porro. Ea voluptas autem velit dolor. Sapiente voluptas quisquam et laudantium.',4,'2020-03-19 16:09:45','2020-03-19 16:09:45'),(14,8,'Madisyn Schuppe','Qui tempora atque id omnis nam. Sapiente et aut quos. Ea nisi libero et quae ut molestiae excepturi mollitia.',3,'2020-03-19 16:09:45','2020-03-19 16:09:45'),(15,26,'Nikki Wisozk','A qui culpa inventore consectetur ex nesciunt. Sunt minus itaque adipisci aut modi autem distinctio. Deserunt a esse libero reprehenderit et odit quia perspiciatis. Rerum est odit dolorum rerum reiciendis eum qui.',5,'2020-03-19 16:09:45','2020-03-19 16:09:45'),(16,7,'Sunny West','Sit occaecati aut eius nulla sit accusantium rerum aperiam. Vel et qui consectetur vitae aut. Voluptatem nesciunt at consequatur omnis sed cumque quaerat sed.',0,'2020-03-19 16:09:45','2020-03-19 16:09:45'),(17,45,'Antonietta Orn Sr.','Quasi accusantium quisquam laborum doloremque. Libero repellat ut et et eos autem minima. Sint voluptatem sit ipsum. Et et dolorum culpa facilis odit. Qui itaque voluptatem error quia id est.',0,'2020-03-19 16:09:45','2020-03-19 16:09:45'),(18,43,'Mafalda Bode','Doloribus explicabo nobis ratione sunt quod est. Quibusdam velit natus laborum sed alias. Minima voluptas sunt repellendus fugit eaque non. Ut ratione et consectetur dolores commodi ea.',3,'2020-03-19 16:09:45','2020-03-19 16:09:45'),(19,38,'Dr. Reva Harris','Atque aut itaque aut illum neque. Aut aut enim ut et.',2,'2020-03-19 16:09:45','2020-03-19 16:09:45'),(20,44,'Oswaldo Kiehn','Consectetur voluptatem corrupti dolor et fugit. A et molestiae incidunt quia similique vel voluptas.',2,'2020-03-19 16:09:45','2020-03-19 16:09:45'),(21,6,'Gust Bednar','Sit assumenda occaecati nostrum consequatur eaque. Quibusdam nihil quia et tempore ullam culpa sed. Eos voluptas praesentium neque suscipit.',4,'2020-03-19 16:09:46','2020-03-19 16:09:46'),(22,1,'Monty Pfannerstill DDS','Itaque ducimus qui porro numquam. Aut officiis temporibus amet eum aut omnis. Voluptatem ut soluta qui recusandae. Nostrum qui natus occaecati debitis modi laborum aut. Aut corporis occaecati dolorum quae.',2,'2020-03-19 16:09:46','2020-03-19 16:09:46'),(23,17,'Meda Turcotte','Asperiores atque et sint et omnis. Qui minima dignissimos dolorum non earum et. Rem quisquam laudantium eum ut. Aspernatur corrupti tempora aut qui quis.',0,'2020-03-19 16:09:46','2020-03-19 16:09:46'),(24,17,'Conor Schowalter II','Voluptas natus labore nihil aut. Quis veritatis quia autem quod explicabo assumenda nihil. Ipsum exercitationem tempore voluptatum est est. Commodi blanditiis aut enim et cum voluptas. Aut ipsum earum facere voluptas distinctio.',2,'2020-03-19 16:09:46','2020-03-19 16:09:46'),(25,43,'Blaise Rau','Voluptas provident consequuntur alias autem doloremque quam possimus. Fuga aperiam et eum omnis laboriosam at voluptatem voluptatibus. Ipsa est ad minima voluptatem sint mollitia.',1,'2020-03-19 16:09:46','2020-03-19 16:09:46'),(26,47,'Sonya Bradtke I','Accusantium vel hic praesentium qui. Aut et ut voluptatem est commodi facere necessitatibus. Est necessitatibus et aspernatur veniam recusandae itaque quisquam.',2,'2020-03-19 16:09:46','2020-03-19 16:09:46'),(27,39,'London Hickle','Non mollitia quibusdam sapiente temporibus eum et voluptas omnis. Vel laboriosam alias adipisci. Non at ab ea voluptas eum dolorem.',0,'2020-03-19 16:09:46','2020-03-19 16:09:46'),(28,3,'Jena Kub','Nesciunt ipsa omnis autem. Eveniet enim reprehenderit quia qui. Nihil culpa delectus qui maxime nemo ratione dignissimos.',0,'2020-03-19 16:09:46','2020-03-19 16:09:46'),(29,37,'Ashlynn Koepp','Consectetur asperiores et et autem. Exercitationem voluptates consequuntur necessitatibus quibusdam cum nesciunt. Sequi ipsam tempora non qui pariatur itaque qui.',0,'2020-03-19 16:09:46','2020-03-19 16:09:46'),(30,34,'Clay Spencer','Ipsam et quia sint ea voluptas doloremque ad. Et qui corporis quia quia reiciendis aut illo qui. Asperiores non voluptatem repellat rerum.',4,'2020-03-19 16:09:46','2020-03-19 16:09:46'),(31,24,'Luciano Ward','Voluptates aut et quia. Expedita modi voluptas id quos voluptatem molestias dolorum. Aut fugit temporibus voluptatem. Et deserunt quia ex distinctio at sit assumenda.',3,'2020-03-19 16:09:47','2020-03-19 16:09:47'),(32,31,'Mr. Douglas Sawayn V','Quas recusandae natus perspiciatis consectetur sit. Et et nisi unde occaecati. Doloribus voluptatem est nostrum.',4,'2020-03-19 16:09:47','2020-03-19 16:09:47'),(33,13,'Dawson Smith','Eos qui earum non aut mollitia atque. Sit animi quidem sapiente voluptatem. Quo deleniti aspernatur ut quaerat. Ipsam necessitatibus quidem illum et. Totam voluptatem earum qui est.',2,'2020-03-19 16:09:47','2020-03-19 16:09:47'),(34,49,'Wendell Grant','Laborum suscipit rem sit mollitia eos. Voluptatum quasi voluptatibus aliquam et dolor blanditiis et possimus.',3,'2020-03-19 16:09:47','2020-03-19 16:09:47'),(35,42,'Ralph Tromp','Et sed expedita totam quia dolores voluptas eius. Voluptas beatae ut voluptas fugiat. Aliquam reiciendis maxime ut nostrum.',4,'2020-03-19 16:09:47','2020-03-19 16:09:47'),(36,46,'Gene Swift Sr.','Impedit ut iusto consequatur. Repudiandae ipsa error in at est ut quo.',1,'2020-03-19 16:09:47','2020-03-19 16:09:47'),(37,38,'Augusta Volkman','Tenetur hic placeat porro itaque assumenda vel. Sunt sapiente labore nulla voluptas laborum. Eos animi aut voluptates cumque alias. Nihil maxime ut tempora id sed ipsam.',5,'2020-03-19 16:09:47','2020-03-19 16:09:47'),(38,18,'Elsa Keebler','Quia voluptatem saepe facere quasi quas. Non nisi quam blanditiis dolor error tempora. Recusandae saepe aliquid et omnis dolor necessitatibus.',1,'2020-03-19 16:09:47','2020-03-19 16:09:47'),(39,33,'Dr. Jon Schultz','Occaecati unde aut omnis quia aut. Praesentium sit hic eum quisquam. Repellat aspernatur quam harum.',4,'2020-03-19 16:09:48','2020-03-19 16:09:48'),(40,11,'Ms. Delta Pollich V','Aperiam occaecati aperiam cum totam eaque aliquam hic. Dignissimos tempora aut et qui accusamus fugiat in. Aut porro quod vitae tempore laborum dolores vitae sed. Repellat esse non nihil est.',1,'2020-03-19 16:09:48','2020-03-19 16:09:48'),(41,38,'Ms. Therese Klein','Quo corporis itaque sed voluptatem sed praesentium ipsam. Velit suscipit quos autem eveniet. Laboriosam architecto explicabo nihil est. Vel veniam animi molestiae quod animi.',2,'2020-03-19 16:09:48','2020-03-19 16:09:48'),(42,25,'Ramiro Streich','Aut sit voluptas distinctio quia repudiandae quod vero. Atque quaerat quidem et blanditiis eos sit. Porro voluptatem consectetur harum vitae dolorem nesciunt quaerat. Alias tenetur neque nesciunt rerum aut.',1,'2020-03-19 16:09:48','2020-03-19 16:09:48'),(43,20,'Boris Schuppe','Ratione ullam et ea assumenda dicta. Laboriosam accusamus excepturi hic reiciendis. Quaerat quam doloremque qui. Facere minima quis dignissimos id voluptas.',0,'2020-03-19 16:09:48','2020-03-19 16:09:48'),(44,45,'Prof. Kaylin Larkin II','Debitis vel qui quaerat sit. Facilis rerum aliquam voluptatum ea dolorem consequuntur quis quo. Ad fuga et praesentium cumque consequatur sint similique. Fuga ea suscipit ab dolores hic sed porro.',1,'2020-03-19 16:09:48','2020-03-19 16:09:48'),(45,2,'Jayson Ullrich','Sed earum officiis fugit est ut. Et sit neque explicabo officia. Unde porro sit illo non qui qui.',1,'2020-03-19 16:09:48','2020-03-19 16:09:48'),(46,47,'Anibal Gusikowski','Enim dolore consequatur ut. Aperiam nisi exercitationem repellat mollitia et. Vero vero adipisci repellendus blanditiis velit adipisci saepe. Suscipit libero odio aut placeat dolorem fugit.',5,'2020-03-19 16:09:48','2020-03-19 16:09:48'),(47,36,'Dr. Toby Barton Sr.','Porro nam quo pariatur. Quam fugiat sint deleniti velit alias qui. Quas officiis occaecati commodi iste id distinctio rerum. Et ducimus illo libero corrupti aut consectetur.',5,'2020-03-19 16:09:49','2020-03-19 16:09:49'),(48,23,'Nils Stanton','Aut sapiente nesciunt eos voluptatem. Consectetur quia doloribus tempore facere quia qui vero est.',1,'2020-03-19 16:09:49','2020-03-19 16:09:49'),(49,22,'Caden Pfannerstill','Inventore vel voluptates dolorem. Incidunt ut quae et et soluta. Odio earum ullam aliquid quo architecto ipsam qui.',4,'2020-03-19 16:09:49','2020-03-19 16:09:49'),(50,13,'Terrance Kutch','Illum cum voluptas inventore minus laudantium autem et. Harum eos ut quod aut omnis voluptas soluta. Nisi natus esse autem et dolor et ipsam.',3,'2020-03-19 16:09:49','2020-03-19 16:09:49'),(51,37,'Allan Howell Jr.','Ex rem distinctio ratione consequatur atque ut aut. Laudantium ut asperiores culpa et. Occaecati natus omnis incidunt cumque. Ipsum aut esse aspernatur labore quas magnam quis aut.',2,'2020-03-19 16:09:49','2020-03-19 16:09:49'),(52,18,'Kieran Deckow','Nesciunt explicabo eum culpa magnam autem ut accusamus aut. Delectus ullam officia animi perspiciatis officiis excepturi nemo. Est consequuntur quas molestiae sit temporibus distinctio aut tenetur.',4,'2020-03-19 16:09:49','2020-03-19 16:09:49'),(53,10,'Dakota Boyer','Voluptatem explicabo quia aut voluptas recusandae. In minus culpa laboriosam eum harum. Libero consequatur sunt odio corporis.',4,'2020-03-19 16:09:49','2020-03-19 16:09:49'),(54,49,'Kennedi Hayes','Ut at ut et voluptatem quidem. Eius ad recusandae minima et. Ratione libero fugit veniam nostrum illum placeat. Neque velit quod quia voluptatem eligendi voluptatem illum cumque.',5,'2020-03-19 16:09:49','2020-03-19 16:09:49'),(55,43,'Hilda Turner','Cum et itaque sequi. Dolorem ut et non ea numquam id. Expedita dolores aliquid fuga quis amet. Autem doloribus sint illo quis sequi error.',0,'2020-03-19 16:09:50','2020-03-19 16:09:50'),(56,31,'Nels Doyle','Facilis quis pariatur culpa. Accusantium ut dolor tempora. Est esse non dolorem dolorem. Eum ut quia reiciendis et enim.',2,'2020-03-19 16:09:50','2020-03-19 16:09:50'),(57,22,'Abigail Wisozk','Aut omnis facere sapiente non. Blanditiis voluptas est deserunt et sint asperiores odit. Voluptatem id similique qui magnam possimus minima. Rem quia sint inventore aut veniam quia.',5,'2020-03-19 16:09:50','2020-03-19 16:09:50'),(58,6,'Marco Welch','Atque ullam dolores quos dolorum dolorem mollitia. Incidunt accusamus odio ut officiis iusto et corrupti. Consequuntur asperiores id recusandae odit. Omnis reprehenderit omnis aliquid et.',2,'2020-03-19 16:09:50','2020-03-19 16:09:50'),(59,21,'Jedidiah Abshire DDS','Impedit autem ipsum quisquam quisquam. Architecto voluptas et ad soluta. Dolores facilis modi harum rerum. Necessitatibus repellendus delectus illo nam aut.',4,'2020-03-19 16:09:50','2020-03-19 16:09:50'),(60,30,'Cheyenne Green','Nobis veritatis at numquam exercitationem porro. Repudiandae in nostrum aut deserunt sit ducimus. Beatae et temporibus atque praesentium consequatur.',3,'2020-03-19 16:09:50','2020-03-19 16:09:50'),(61,40,'Ricky Bernhard','Est voluptas esse quia inventore quo similique. Voluptatum quis quo occaecati sapiente fuga. Omnis ut ut quisquam facilis.',3,'2020-03-19 16:09:50','2020-03-19 16:09:50'),(62,20,'Sammy Schuppe','Sed doloremque dolorum nostrum temporibus. Blanditiis quibusdam quisquam omnis impedit. Vel assumenda nobis cumque doloribus quibusdam odit. Perferendis doloribus sunt qui.',4,'2020-03-19 16:09:50','2020-03-19 16:09:50'),(63,19,'Prof. Lisandro Bergstrom IV','Sit harum animi et est laudantium ab reiciendis. Iusto repellat qui corrupti fugiat sequi eos saepe. Ipsum ea doloribus et nihil dignissimos aperiam. Doloremque omnis voluptate delectus non saepe facere voluptas soluta.',4,'2020-03-19 16:09:51','2020-03-19 16:09:51'),(64,5,'Cade Moen','Est assumenda non ratione ipsa incidunt sapiente. Voluptates autem quas doloribus necessitatibus at voluptate. Maiores maiores est molestiae sed. Est dolores autem illo illum.',2,'2020-03-19 16:09:51','2020-03-19 16:09:51'),(65,30,'Elinor Ullrich','Et harum ut enim magnam. Voluptatibus animi magnam occaecati natus rerum dolorum doloremque quibusdam. Aut et eos quam odit reiciendis. Inventore aliquam autem nam repellat eaque quisquam id. Omnis et quisquam soluta veritatis.',2,'2020-03-19 16:09:51','2020-03-19 16:09:51'),(66,43,'Kenton Wolf','Distinctio tenetur ut qui. Quos vero eveniet quam illum dolores dolor. Est vel impedit dicta. Laudantium non velit aut sed.',1,'2020-03-19 16:09:51','2020-03-19 16:09:51'),(67,17,'Harold Powlowski','Aspernatur ea et aperiam. In velit unde aspernatur dolorem labore corporis magnam dicta. Totam tempore itaque incidunt rem sunt. Atque et tempore ut fugit praesentium in. Est consectetur totam et voluptates sed.',3,'2020-03-19 16:09:51','2020-03-19 16:09:51'),(68,31,'Krystina Kuhlman','Eaque aut non id. Rerum non ab labore dicta. Ipsa quo minima et.',2,'2020-03-19 16:09:51','2020-03-19 16:09:51'),(69,16,'Irwin Goyette','Quo assumenda aut et reiciendis non sit. Quidem officiis quos sint quia debitis. Ipsa nihil ea quia neque expedita maiores.',0,'2020-03-19 16:09:51','2020-03-19 16:09:51'),(70,20,'Mrs. Robyn Legros DDS','Voluptas eveniet earum quisquam dicta iure explicabo voluptates rerum. Aliquam et voluptatem velit laudantium. Vero ea consequatur excepturi quis. At quam culpa qui aut quam.',0,'2020-03-19 16:09:51','2020-03-19 16:09:51'),(71,33,'Summer Huel','Quia velit dolor illo. Facilis eos voluptatem ipsum recusandae exercitationem laudantium. Incidunt et voluptatem in. Nisi veritatis omnis aperiam nesciunt quidem aut facere accusamus.',2,'2020-03-19 16:09:51','2020-03-19 16:09:51'),(72,9,'Mr. Hoyt Bayer','Est nihil voluptatum illo magnam aperiam aut dicta. Et est doloremque consequatur quis qui. Et dolorem qui dolor et est fugit est. Rerum voluptatem aperiam totam autem alias aut et possimus.',5,'2020-03-19 16:09:52','2020-03-19 16:09:52'),(73,22,'Dr. Berniece Schowalter','Ut ullam atque similique possimus. Porro et facere quisquam consequatur. At molestias dolorem quis commodi.',0,'2020-03-19 16:09:52','2020-03-19 16:09:52'),(74,47,'Pauline Strosin','Error aperiam qui rem est. Dolorem doloremque ipsam expedita quidem quo autem tempore.',5,'2020-03-19 16:09:52','2020-03-19 16:09:52'),(75,17,'Hellen Klocko','Aliquid quis perspiciatis velit voluptas. Earum quo nesciunt consequatur tempora atque. Cupiditate voluptatem at similique culpa. Nesciunt est suscipit facere eaque inventore vitae id.',5,'2020-03-19 16:09:52','2020-03-19 16:09:52'),(76,45,'Prof. Hilton Rempel PhD','Eveniet qui natus molestiae. Quia dignissimos suscipit quam similique nam aliquid minima. Nulla eligendi qui molestias eum et fugiat voluptates. Vero labore velit unde.',3,'2020-03-19 16:09:52','2020-03-19 16:09:52'),(77,28,'Dr. Magdalen Kiehn','Eligendi quaerat omnis placeat minus officiis ex culpa. Minima expedita doloremque natus et eos officiis nulla et.',0,'2020-03-19 16:09:52','2020-03-19 16:09:52'),(78,3,'Keenan Macejkovic','Est quas omnis qui vero nobis facilis eaque sunt. Accusantium quo repellendus quibusdam laborum autem. Architecto velit et fugiat aut incidunt consequatur labore.',1,'2020-03-19 16:09:52','2020-03-19 16:09:52'),(79,11,'Iliana Waelchi Sr.','Culpa et debitis omnis ipsum iste. Ut sapiente quis iure iure illum id. Architecto illo quaerat sed nobis et ducimus delectus consequatur. Illum reprehenderit quis assumenda consequuntur.',1,'2020-03-19 16:09:52','2020-03-19 16:09:52'),(80,4,'Kyleigh Oberbrunner Jr.','Ducimus accusamus consequatur veritatis iusto quod eveniet recusandae. Optio dolor perferendis molestiae saepe. Porro odit molestiae dolores necessitatibus. Eius reiciendis repudiandae dolorum architecto et laborum totam.',0,'2020-03-19 16:09:52','2020-03-19 16:09:52'),(81,10,'Alisa Rowe','Qui et autem et magni sunt autem aut. Amet ducimus rem fugit atque dolores veniam. Eveniet in placeat totam ex ducimus qui.',0,'2020-03-19 16:09:53','2020-03-19 16:09:53'),(82,50,'Dr. Mervin Turner Sr.','Corrupti nemo molestiae voluptatem hic excepturi qui corporis sit. Occaecati eveniet quod rerum illo. Id consequatur vel qui vel quia. Quia quo aut ducimus eaque.',2,'2020-03-19 16:09:53','2020-03-19 16:09:53'),(83,37,'Maggie Christiansen','Laborum facere illum beatae soluta qui. Vero minus et laboriosam. Ut modi hic aut eligendi sit sunt culpa.',3,'2020-03-19 16:09:53','2020-03-19 16:09:53'),(84,19,'Dr. Hank Funk','Iure unde ad aperiam aut. Qui voluptatem qui rerum et. Voluptatem quae earum ab et occaecati voluptas consequatur. Repudiandae est sunt rerum inventore.',3,'2020-03-19 16:09:53','2020-03-19 16:09:53'),(85,31,'Dr. Wilfred Pouros','Maiores velit qui et dolores nihil. Impedit molestias et et. Voluptatibus nesciunt dolorem et assumenda dolor.',0,'2020-03-19 16:09:53','2020-03-19 16:09:53'),(86,20,'Cruz Price','Quia voluptates inventore beatae laudantium aut vitae sit. Eos velit qui qui odio officia. Minima ullam repellat eligendi perferendis ea. Eos vel commodi nihil reiciendis. Ipsum voluptates error incidunt id assumenda aut.',1,'2020-03-19 16:09:53','2020-03-19 16:09:53'),(87,19,'Rosalind Roob','Magni voluptatem amet cumque consectetur aut ut. Vel est eligendi dolores impedit hic modi.',5,'2020-03-19 16:09:53','2020-03-19 16:09:53'),(88,6,'Dr. Flavie Braun DVM','Explicabo qui unde odit sequi. Dolorem voluptas quo nihil non dolorem quasi. Architecto impedit debitis eius tempore quibusdam aperiam ipsa. Doloribus est a aut quia odio sit qui.',2,'2020-03-19 16:09:53','2020-03-19 16:09:53'),(89,10,'Dr. Nicklaus Schumm DVM','Tempora sunt dolorum ullam amet molestiae nisi. Magnam occaecati voluptatibus iste facere. Quod aspernatur quidem labore inventore. Voluptas in illo assumenda.',1,'2020-03-19 16:09:54','2020-03-19 16:09:54'),(90,49,'Coleman Rippin','Nihil omnis vel at consequatur aut. Ut quod odit sit non excepturi odit sit.',0,'2020-03-19 16:09:54','2020-03-19 16:09:54'),(91,50,'Dr. Pauline Abshire DDS','Ullam excepturi ea voluptatibus est distinctio. Officiis sunt ut saepe et vero sint quod. Et ut aut quia officia quam doloribus.',2,'2020-03-19 16:09:54','2020-03-19 16:09:54'),(92,12,'Angie Frami','Quia nostrum repudiandae omnis rerum ut et dolorum. Eum et deserunt optio quos dolor aspernatur.',0,'2020-03-19 16:09:54','2020-03-19 16:09:54'),(93,45,'Eldridge Reynolds','Dolore non consequuntur atque expedita rerum tempora voluptatem. Et et recusandae non laborum aut. Reiciendis quis quasi quia natus incidunt. Labore minima eum velit repellendus voluptatem occaecati nostrum labore.',1,'2020-03-19 16:09:54','2020-03-19 16:09:54'),(94,20,'Francisca Fadel','Dignissimos iste cumque ad quisquam unde. Non quia sit in facere ad aut. Rerum rem dolorem cumque error in. Alias nam repellendus ut reprehenderit maiores.',2,'2020-03-19 16:09:54','2020-03-19 16:09:54'),(95,46,'Mr. Max Rath','Tempore voluptatem aliquid cum veniam aperiam ipsum aliquam. Quo a ut tempora repellendus quasi dolores harum quod. Dolorem similique assumenda voluptate eaque. Accusamus possimus in deleniti.',1,'2020-03-19 16:09:54','2020-03-19 16:09:54'),(96,35,'Robb McKenzie','Incidunt est magni ut. Dolorem repellat ut quo aut. Omnis debitis iure sunt asperiores hic.',0,'2020-03-19 16:09:54','2020-03-19 16:09:54'),(97,16,'Bria Tremblay','Molestiae ex a aperiam qui ratione. Ab tempora maxime sunt sint. Repellendus consectetur voluptatem aut aliquam maiores at. Architecto maxime nesciunt aut blanditiis laborum iure.',0,'2020-03-19 16:09:54','2020-03-19 16:09:54'),(98,12,'Mack Cremin','Reprehenderit enim vitae quia quae qui error minima. Dolores ut sunt perferendis temporibus cumque sequi. Molestias soluta harum nesciunt aut atque debitis ratione. Delectus minus sequi possimus quo.',4,'2020-03-19 16:09:55','2020-03-19 16:09:55'),(99,5,'Lia Mayer','Quam odit quaerat enim non rerum. Officiis ipsa ipsum consectetur reiciendis. Unde voluptatem a totam.',2,'2020-03-19 16:09:55','2020-03-19 16:09:55'),(100,9,'Quinn Shields Jr.','Vitae sit voluptatem architecto ipsa est totam vero distinctio. Rerum dolor debitis veritatis dolorem autem ab voluptatem. Impedit et praesentium rerum sunt quisquam. Pariatur nemo temporibus blanditiis facilis omnis accusantium maxime.',2,'2020-03-19 16:09:55','2020-03-19 16:09:55'),(101,27,'Tara Schiller','Fuga quaerat soluta veritatis id. Reiciendis eum quasi aperiam quia suscipit nisi. Et necessitatibus possimus aut sit ab cupiditate. Facilis voluptatem deleniti accusamus aut dicta autem mollitia. Pariatur assumenda et ad reiciendis et.',2,'2020-03-19 16:09:55','2020-03-19 16:09:55'),(102,1,'Mekhi Erdman','Atque consequatur dolor eos ratione aut quia enim. Nemo praesentium ipsam maiores et.',1,'2020-03-19 16:09:55','2020-03-19 16:09:55'),(103,36,'Noble Vandervort','Delectus est corrupti suscipit accusantium quam praesentium et. Eaque consequatur et dolore sed nobis vero rerum. Enim delectus corporis aut. Nulla vel nulla blanditiis saepe.',4,'2020-03-19 16:09:55','2020-03-19 16:09:55'),(104,17,'Holly Waters','Molestiae esse dolor qui eum et quos. Nesciunt omnis rem officiis. Sit excepturi voluptates vel dicta asperiores.',2,'2020-03-19 16:09:55','2020-03-19 16:09:55'),(105,12,'Daphney Hintz','Optio ipsa non iste sunt. Dolore sed natus deleniti illum.',3,'2020-03-19 16:09:55','2020-03-19 16:09:55'),(106,9,'Durward Dickens','Aperiam et voluptatem in numquam rerum aperiam. Blanditiis qui reiciendis hic quae aut quisquam saepe. Quo nostrum illo qui atque.',2,'2020-03-19 16:09:55','2020-03-19 16:09:55'),(107,32,'Prof. Mary Okuneva V','Est rerum corrupti est soluta vitae sed saepe. Et dolores id voluptas et molestiae tempore harum. Ut voluptas libero est sed enim. Optio accusamus molestiae eaque fuga aut aliquid.',5,'2020-03-19 16:09:56','2020-03-19 16:09:56'),(108,7,'Prof. Rollin Bahringer','Dicta quia earum rerum est voluptatem optio. Natus omnis inventore aut aliquid odit. Natus nihil culpa natus eius. Quidem dolor optio ex officia minima sint inventore.',1,'2020-03-19 16:09:56','2020-03-19 16:09:56'),(109,24,'Boyd Shanahan DVM','Aspernatur quia voluptatem reiciendis. Soluta et vel facilis laudantium repellendus. Ut exercitationem vero qui consequatur voluptates voluptatem beatae. Omnis repellendus rem veritatis quia et sequi molestiae.',3,'2020-03-19 16:09:56','2020-03-19 16:09:56'),(110,14,'Orland Harvey','Sit vitae natus enim veritatis. Sapiente tempora sunt expedita labore ut maxime perspiciatis. Recusandae dignissimos omnis aut sint. Ipsum magni iusto error eos voluptatem nihil.',2,'2020-03-19 16:09:56','2020-03-19 16:09:56'),(111,27,'Kiarra Torp','Sapiente et pariatur aut nulla qui. Eos omnis eveniet quod atque cum. Et et voluptates tenetur quos autem rerum ea.',4,'2020-03-19 16:09:56','2020-03-19 16:09:56'),(112,33,'Kira Cummings','Cupiditate necessitatibus id harum adipisci. Quia ratione quaerat id voluptatibus. Pariatur est dolorem odio id. Quidem modi rerum enim sequi velit sint esse.',4,'2020-03-19 16:09:56','2020-03-19 16:09:56'),(113,24,'Jedediah Jacobi','Vitae voluptatem quia consequatur quo illo. Dolorem nihil consequatur quos laboriosam fuga incidunt. Veniam repellat voluptate qui vitae explicabo culpa quasi. Eveniet ex occaecati sed architecto ad ratione.',5,'2020-03-19 16:09:56','2020-03-19 16:09:56'),(114,36,'Bell Swift','Dolor quia a et. Natus omnis provident veritatis adipisci. Quae ut optio sequi ut non.',5,'2020-03-19 16:09:57','2020-03-19 16:09:57'),(115,23,'Jamison Balistreri','Et est quia iusto rem qui vel quae. Velit est aut quas. Similique sint ut reiciendis laboriosam id at quaerat nobis. Consequatur ea ad ipsa tenetur ut.',3,'2020-03-19 16:09:57','2020-03-19 16:09:57'),(116,10,'Dr. Gerhard Pfeffer','Quas consequatur odio quia ea at. Facere facilis magni aut aspernatur fugit. Maxime aliquid non earum enim ipsum explicabo. Ea et modi minus.',4,'2020-03-19 16:09:57','2020-03-19 16:09:57'),(117,28,'Prof. Jackie Mitchell','Reiciendis quia omnis ut quisquam. Et neque dolor repellat sed explicabo et. Dicta rerum unde incidunt possimus quia. Dolor qui facilis dicta quos vero.',1,'2020-03-19 16:09:57','2020-03-19 16:09:57'),(118,12,'Lou Hoppe','Enim harum sint id dolorem aut. Molestias doloribus veniam itaque. Ut reprehenderit et distinctio recusandae aut voluptatem.',3,'2020-03-19 16:09:57','2020-03-19 16:09:57'),(119,46,'Jessyca Keeling','Nesciunt rem consequatur voluptas laborum consequatur possimus. Consequatur illum atque unde illum ullam impedit soluta tempora. Dolore nobis culpa est. Est consectetur praesentium alias libero culpa.',4,'2020-03-19 16:09:57','2020-03-19 16:09:57'),(120,19,'Effie Heaney','Officia facilis minus sit quibusdam natus cupiditate id rerum. Sit et voluptas ex ea nihil dolor. Iusto ex aut sit ipsum vel. Enim accusamus repudiandae molestias dolor et. Eligendi id magnam sunt voluptatibus.',0,'2020-03-19 16:09:57','2020-03-19 16:09:57'),(121,5,'Miss Maryjane Mosciski DDS','Aut quam doloremque accusamus. Eum vitae repudiandae dignissimos quis et ducimus deleniti porro. Non rerum iure consequatur saepe blanditiis inventore. Labore reiciendis corrupti nemo sequi. Velit temporibus qui magni qui atque voluptate.',1,'2020-03-19 16:09:57','2020-03-19 16:09:57'),(122,3,'Lola Veum','Hic ut natus nihil animi enim. Accusamus omnis magnam voluptates veritatis autem vel. Hic non iure sit aut odit dolor eos. Saepe veritatis sint nesciunt temporibus inventore.',1,'2020-03-19 16:09:57','2020-03-19 16:09:57'),(123,5,'Ladarius Lebsack','Enim fugiat aut cupiditate voluptate quam. Et perferendis aut cum quis sed est. Unde facere magnam laudantium et non.',0,'2020-03-19 16:09:57','2020-03-19 16:09:57'),(124,42,'Ronny Bins','Delectus est non consequatur iusto et pariatur rem. Modi inventore hic sunt ut iure. A aut at aut suscipit sint.',4,'2020-03-19 16:09:58','2020-03-19 16:09:58'),(125,3,'Cristina Donnelly','Sunt sed asperiores hic occaecati voluptatum molestiae magnam. Laboriosam id ipsam quis commodi. Non fugit enim pariatur dolorem fugiat molestiae dolor. Sed magnam aliquid sed sit accusamus.',1,'2020-03-19 16:09:58','2020-03-19 16:09:58'),(126,50,'Kenna Pouros','Esse dolorem vero nesciunt velit enim aut corrupti sunt. Nesciunt laborum cumque iure cumque quis. Quas omnis natus quia enim voluptates molestias. Saepe officiis illum dolores placeat.',4,'2020-03-19 16:09:58','2020-03-19 16:09:58'),(127,21,'Queen Schaefer','Sunt non non dolor ipsa. Et est facilis sunt aperiam. Ipsam et recusandae voluptatem ad omnis.',5,'2020-03-19 16:09:58','2020-03-19 16:09:58'),(128,47,'Gene Goldner','Reprehenderit nam aut dolores sapiente aliquid molestias. Et sapiente minus omnis occaecati aut eveniet voluptatum. Iusto error incidunt illo est. Et eligendi voluptatem tempora illo doloribus et qui.',3,'2020-03-19 16:09:58','2020-03-19 16:09:58'),(129,34,'Kimberly O\'Connell','Voluptate rerum pariatur voluptate adipisci autem aut. Sed dolor aliquid incidunt ut. Velit laudantium quos perspiciatis qui at ipsa.',1,'2020-03-19 16:09:58','2020-03-19 16:09:58'),(130,38,'Mrs. Oleta Parisian','Sint rerum quis adipisci autem officia. Nulla ipsa vel quibusdam rerum qui quia sed. Quam est saepe molestiae dolore dolores.',2,'2020-03-19 16:09:58','2020-03-19 16:09:58'),(131,48,'Mr. Elian Lebsack IV','Sint dignissimos vero assumenda sapiente. Rerum assumenda accusantium quidem beatae sequi. Voluptatum ut velit tenetur. Blanditiis minus cum maiores sapiente.',3,'2020-03-19 16:09:59','2020-03-19 16:09:59'),(132,17,'Mr. Nico Jerde','Laboriosam sed consequuntur ut delectus aut. Delectus est consectetur incidunt est in ipsum. Et quo aut dolorem minus.',2,'2020-03-19 16:09:59','2020-03-19 16:09:59'),(133,36,'Mr. Solon Williamson','Deleniti quisquam commodi doloribus eveniet est distinctio iure. Laboriosam iste aut consequuntur asperiores ea amet itaque iure.',1,'2020-03-19 16:09:59','2020-03-19 16:09:59'),(134,33,'Prof. Bradford Kuphal PhD','Esse autem labore cumque delectus. Dicta dolor facilis ex exercitationem maxime architecto aut. Distinctio iste nesciunt culpa minus.',5,'2020-03-19 16:09:59','2020-03-19 16:09:59'),(135,7,'Destiny Langworth DVM','Sunt qui in dolorem quia. Non voluptates quaerat sapiente ex expedita aut aut.',1,'2020-03-19 16:09:59','2020-03-19 16:09:59'),(136,42,'Prof. Remington Kemmer','Doloremque commodi eius aliquam autem fuga. Exercitationem aliquid culpa quos tempore sit magnam neque. Rem numquam repudiandae at veritatis.',0,'2020-03-19 16:09:59','2020-03-19 16:09:59'),(137,29,'Dr. Rodrigo Dooley','Itaque voluptas id dicta et qui. Necessitatibus id consequatur sapiente dolor esse officia laudantium. Nisi ex qui voluptas sed perferendis ipsa ut. Voluptatum voluptas voluptas distinctio tempora.',2,'2020-03-19 16:10:00','2020-03-19 16:10:00'),(138,12,'Kaylin Doyle','Delectus repudiandae reprehenderit repudiandae optio. Sed itaque maiores eligendi reprehenderit. Natus aliquid inventore nihil doloremque labore aut. Quia odit ut labore optio repudiandae maxime odio.',4,'2020-03-19 16:10:00','2020-03-19 16:10:00'),(139,37,'Presley Daugherty','Aut ex nisi quas ducimus. Quisquam debitis voluptas voluptas tempora. Maxime mollitia ut facere delectus commodi et. Tempore dolorum ducimus eum sint rerum quibusdam. In quia repudiandae laboriosam nobis aspernatur corporis praesentium.',2,'2020-03-19 16:10:00','2020-03-19 16:10:00'),(140,20,'Felix Nitzsche','A id voluptates blanditiis blanditiis fugiat optio voluptatem. Sed sunt praesentium consequuntur qui. Enim unde labore neque eius ut odit. Qui sequi eum distinctio sed dolorem aut quisquam tenetur.',1,'2020-03-19 16:10:00','2020-03-19 16:10:00'),(141,37,'Brennan Schuppe','Voluptatum ad consectetur omnis optio enim. Sint quod nulla aut deleniti dolores ad necessitatibus. Amet dolor minima et optio numquam vero maxime.',1,'2020-03-19 16:10:00','2020-03-19 16:10:00'),(142,1,'Miss Rhoda Nikolaus','Quos ea est consectetur accusamus enim aspernatur est. Quisquam rerum at et quidem. Vitae sit voluptatibus veniam quia ratione quaerat saepe architecto.',1,'2020-03-19 16:10:00','2020-03-19 16:10:00'),(143,30,'Ms. Rosalinda Schultz','Dolorum sapiente voluptatem et. Sed quam minima est autem dolorem qui. Nostrum rem quis et. Mollitia est delectus unde consequatur eligendi non.',4,'2020-03-19 16:10:00','2020-03-19 16:10:00'),(144,19,'Alexandro Will III','Et voluptatem et similique vero corrupti. Eos ipsa nihil voluptatem non blanditiis harum non delectus. Ea officiis natus voluptas sed beatae. Id labore sit iure nostrum facere.',5,'2020-03-19 16:10:01','2020-03-19 16:10:01'),(145,21,'Tamara Greenfelder','Modi perspiciatis exercitationem est quaerat facilis. Excepturi fuga commodi ut.',0,'2020-03-19 16:10:01','2020-03-19 16:10:01'),(146,22,'Aniya Moen','Repellendus voluptas et natus magni ex mollitia dolorem. Nulla sit molestias nihil exercitationem et. Totam itaque aliquam aspernatur necessitatibus natus.',4,'2020-03-19 16:10:01','2020-03-19 16:10:01'),(147,21,'Elmira Gulgowski IV','Omnis et et fugiat ad omnis rerum voluptas voluptas. Itaque et impedit magnam iste. Adipisci magni et aut. Omnis nam soluta nemo similique est.',3,'2020-03-19 16:10:01','2020-03-19 16:10:01'),(148,15,'Philip Wilkinson','Eum ratione dolore nulla distinctio aliquid cum ullam. Tenetur consequatur quod odit odio ullam est veritatis. Sint est sed est quis numquam.',4,'2020-03-19 16:10:01','2020-03-19 16:10:01'),(149,2,'Prof. Hilario Treutel PhD','Ad tempora et sequi facilis ducimus laborum voluptatem. Omnis error odio voluptate veniam minima laudantium. Deleniti architecto explicabo nesciunt sit.',5,'2020-03-19 16:10:01','2020-03-19 16:10:01'),(150,44,'Randi Dickinson','Quam voluptate veritatis hic sed quam. Dignissimos officiis quibusdam mollitia sunt voluptatem exercitationem et necessitatibus. Soluta iure eius rerum aut autem quam enim.',1,'2020-03-19 16:10:01','2020-03-19 16:10:01'),(151,3,'Adrianna Halvorson','Error et omnis iusto in voluptates et ipsa. Tempore neque odio id vel omnis ratione est. Facere nihil veniam maxime ut ex tempora.',2,'2020-03-19 16:10:01','2020-03-19 16:10:01'),(152,39,'Krystina Simonis','Deleniti iure et amet amet ut doloribus. Corrupti dolores amet exercitationem dolorum enim est. Et nostrum eius quo officia et sapiente et. Delectus ratione porro aut magni.',5,'2020-03-19 16:10:01','2020-03-19 16:10:01'),(153,36,'Winona Boyer','Veritatis accusantium molestiae quae sint minima iure. Esse iste sed quibusdam suscipit vero. Et nam non et corrupti dolore et rerum. Dicta temporibus eveniet dolores similique.',2,'2020-03-19 16:10:02','2020-03-19 16:10:02'),(154,13,'Dashawn Altenwerth','Pariatur deleniti eos mollitia necessitatibus. Autem dolorem qui suscipit. Perferendis et dolores corrupti voluptatem in. Qui animi dolores dolore perspiciatis ducimus tenetur.',5,'2020-03-19 16:10:02','2020-03-19 16:10:02'),(155,21,'Lorena Cormier PhD','Accusantium illo nam quis sint eos et. Sit quaerat quae odio dolor dignissimos in magni. Maxime in accusamus vero et. Fugiat hic consectetur qui asperiores quam possimus omnis voluptatem. Occaecati at ut occaecati magnam.',0,'2020-03-19 16:10:02','2020-03-19 16:10:02'),(156,39,'Kattie Muller','Est dolorum ratione dolores maxime rem molestias voluptas voluptas. Ex ex et et excepturi voluptatem sunt.',3,'2020-03-19 16:10:02','2020-03-19 16:10:02'),(157,19,'Kirk Veum','Enim ut sunt autem voluptatem non soluta iste. Aut quam laboriosam incidunt ducimus. Quis adipisci neque et eos deserunt. Et sit ut molestias quisquam rem. Quo dolore cumque sunt velit reprehenderit impedit sapiente.',4,'2020-03-19 16:10:02','2020-03-19 16:10:02'),(158,25,'Kallie Zemlak','Voluptatibus aut excepturi nobis maiores architecto doloribus. Quasi sunt sint eius laboriosam quidem. Inventore eos iure optio sint voluptatem. Placeat iusto dicta officia ducimus aut.',0,'2020-03-19 16:10:02','2020-03-19 16:10:02'),(159,35,'Prof. Abbigail Tremblay MD','At iste doloribus ullam cum laudantium similique temporibus. Possimus magni et placeat et voluptatem consequatur aut. Voluptatibus iste vel saepe sint.',0,'2020-03-19 16:10:02','2020-03-19 16:10:02'),(160,13,'Jada Ledner PhD','Ratione mollitia eos blanditiis earum. Porro iusto incidunt quidem animi est sed. Sed doloremque id quae dolorum nulla consectetur.',0,'2020-03-19 16:10:03','2020-03-19 16:10:03'),(161,49,'Kathlyn Brakus','Eius et quam dignissimos voluptatem quia. Eligendi ipsam fugit eveniet. Voluptate nemo et amet facilis nihil.',3,'2020-03-19 16:10:03','2020-03-19 16:10:03'),(162,13,'Jerad Hartmann DDS','Sequi velit nostrum esse veniam voluptas magni. Aut ut odio deserunt cum. Ad sapiente omnis corrupti neque maiores mollitia magni. Sint sint a nemo vel qui ea sed.',3,'2020-03-19 16:10:03','2020-03-19 16:10:03'),(163,32,'Armand Stracke','Architecto ut eius numquam explicabo nulla alias. Beatae quia itaque eos nesciunt doloribus quia hic. Non officia placeat numquam ratione qui quod non corporis.',2,'2020-03-19 16:10:03','2020-03-19 16:10:03'),(164,30,'Tito Feil','Tenetur eum sed mollitia repellendus. Error doloremque debitis ipsum asperiores fugit. Est alias est vel dolore. Accusamus ad dolores dolorem sint illum perspiciatis officia. Deserunt quae omnis fuga est soluta quo libero.',1,'2020-03-19 16:10:03','2020-03-19 16:10:03'),(165,24,'Godfrey Nikolaus DVM','Accusamus officia blanditiis accusantium dolores. Impedit quam rem voluptatum recusandae omnis aspernatur odio. Voluptate fugiat asperiores dolor voluptates expedita. Ad assumenda voluptas ad saepe officia omnis praesentium ea. Fugiat voluptates autem nobis omnis ea quas.',1,'2020-03-19 16:10:03','2020-03-19 16:10:03'),(166,3,'Monique O\'Kon','Ipsum rerum eum maiores qui cupiditate dolorum non voluptatem. Et qui aut aut. Doloremque modi sint harum itaque ut.',1,'2020-03-19 16:10:03','2020-03-19 16:10:03'),(167,15,'Eva Wiegand','Omnis quia perferendis molestias quisquam corporis quaerat omnis. Fugit in est ad delectus dolore aut.',3,'2020-03-19 16:10:04','2020-03-19 16:10:04'),(168,37,'Janie Pfeffer Jr.','Eveniet exercitationem quasi ex in non nesciunt. Optio rerum odio veniam et magni. Id ut aut labore sit tempore.',2,'2020-03-19 16:10:04','2020-03-19 16:10:04'),(169,23,'Dr. Hassan Jerde','Et repellendus in harum consequatur. In inventore molestiae fugiat quibusdam itaque molestiae. Sapiente quas est dolor veniam. Qui qui molestiae aut odio.',2,'2020-03-19 16:10:04','2020-03-19 16:10:04'),(170,27,'Alivia Treutel','Ut sint qui sint facilis ipsam. Molestias et at veniam qui earum voluptatem aut ex. Iste perferendis alias enim est.',5,'2020-03-19 16:10:04','2020-03-19 16:10:04'),(171,11,'Chaz Orn Jr.','Est qui et ipsa quia sed soluta ab. Debitis consequatur dolorem qui accusamus quasi beatae aspernatur facilis. Aut nostrum quaerat provident totam nobis.',0,'2020-03-19 16:10:04','2020-03-19 16:10:04'),(172,11,'Ezequiel Kihn','Commodi doloribus qui iste placeat quia. Similique placeat sunt sunt corrupti non non praesentium. Aut occaecati velit rerum dolorem possimus numquam qui.',4,'2020-03-19 16:10:04','2020-03-19 16:10:04'),(173,33,'Miss Abbey Keeling','Ducimus aspernatur necessitatibus saepe dolores nulla. Vel corrupti excepturi omnis nostrum omnis voluptas ut. Est natus sed quam eaque eius eum est. Est consectetur autem molestiae ipsam eos.',2,'2020-03-19 16:10:04','2020-03-19 16:10:04'),(174,7,'Prof. Josiane Gorczany','Ipsa ipsa quis sed facere. Sed totam eius doloribus aut nemo a quod. Enim deleniti et velit aut quia incidunt deleniti qui.',4,'2020-03-19 16:10:04','2020-03-19 16:10:04'),(175,29,'Prof. Corrine Rowe','Optio deleniti dolores qui ipsum architecto aspernatur. Impedit architecto illum quia asperiores ex dolore. Saepe ut sunt in nulla et excepturi repudiandae.',3,'2020-03-19 16:10:05','2020-03-19 16:10:05'),(176,27,'Marjolaine Hauck','Debitis ut quas sint expedita alias asperiores. Exercitationem eum dolores et laborum aut. Non deserunt voluptatibus sequi. Ut et et reprehenderit necessitatibus occaecati.',2,'2020-03-19 16:10:05','2020-03-19 16:10:05'),(177,37,'Lenny Becker II','Officia voluptatem ipsum vel ad. Sed dignissimos amet qui impedit minima. Qui nihil et sunt velit recusandae laboriosam. Qui quidem quam est doloremque ut doloremque. Aperiam in minus eius.',3,'2020-03-19 16:10:05','2020-03-19 16:10:05'),(178,36,'Prof. Thurman Reinger','Natus ducimus laudantium et aperiam occaecati aut est. Iusto qui et aspernatur odit laudantium dolor reprehenderit vitae. Quia quae laudantium voluptas non fugit ea. Cumque incidunt est ipsam aut exercitationem eos nostrum mollitia. Error veniam delectus dolores esse libero.',1,'2020-03-19 16:10:05','2020-03-19 16:10:05'),(179,20,'Camille Wyman DVM','Et quasi in ratione ipsam vel a odit. Aut et ab aut. Illum facilis et et delectus at possimus.',4,'2020-03-19 16:10:05','2020-03-19 16:10:05'),(180,47,'Sedrick Monahan','Eum eveniet deserunt ratione omnis non. Officiis id dolore tempora asperiores voluptatibus. Dolor illo quisquam velit aut nisi.',2,'2020-03-19 16:10:05','2020-03-19 16:10:05'),(181,37,'Juanita Weissnat','Magni dolores ad nobis. Illo sed nihil accusamus est inventore facilis. Autem pariatur magnam ea dolorem autem qui. Temporibus cumque voluptates facere ipsam nesciunt fuga.',2,'2020-03-19 16:10:05','2020-03-19 16:10:05'),(182,41,'Laurie Conn','Maxime quaerat eligendi quia. Unde odit totam ea. Animi ipsum aliquid nesciunt id explicabo et explicabo. Quas repellendus repudiandae ullam est.',5,'2020-03-19 16:10:06','2020-03-19 16:10:06'),(183,25,'Jedediah Hegmann','Dolor non est et consequuntur necessitatibus labore porro deleniti. Et vel quidem asperiores ex voluptas soluta. Pariatur quas repudiandae vitae accusamus nostrum vel.',0,'2020-03-19 16:10:06','2020-03-19 16:10:06'),(184,40,'Bill Kerluke','Voluptas non eligendi et porro. Facere voluptates maiores odio commodi eius voluptas nisi nobis. Asperiores et vitae quia quaerat. Et velit commodi error similique modi tempora aperiam ut.',1,'2020-03-19 16:10:06','2020-03-19 16:10:06'),(185,34,'Natalie Runolfsdottir','Dolor ullam et unde. Praesentium harum et nesciunt dignissimos similique accusantium. Quis quis repellendus iste similique tempore eligendi quia.',4,'2020-03-19 16:10:06','2020-03-19 16:10:06'),(186,49,'Adella Blanda','Omnis aut voluptate eos doloribus. Consequatur repellendus quae est soluta doloremque aspernatur fuga aut. Rerum alias quia quo. Perferendis dolorem quaerat sunt.',2,'2020-03-19 16:10:06','2020-03-19 16:10:06'),(187,18,'Tommie Mayer','Incidunt qui unde consequatur aperiam. Nam totam ut aut vero.',0,'2020-03-19 16:10:06','2020-03-19 16:10:06'),(188,15,'Dr. Flavie Kautzer','Consequuntur fugit recusandae qui minima beatae rerum et ad. Sed id vel nemo dolores quae. Quis vel libero ut voluptas maxime dolor eos. Consequuntur voluptatem quod ullam voluptatem nihil dolorum sint accusantium.',3,'2020-03-19 16:10:06','2020-03-19 16:10:06'),(189,33,'Ms. Kailyn Lakin','Ut eius quis sed expedita. Sequi eos corrupti et dolores et. Quo molestiae aliquid ut harum voluptas.',2,'2020-03-19 16:10:06','2020-03-19 16:10:06'),(190,39,'Connor Bergstrom','Mollitia illum iusto nesciunt eos consequatur. Ut omnis omnis repellat sit totam explicabo quia. Ratione quas sint et neque aliquid. Eius aperiam quod minus error occaecati.',1,'2020-03-19 16:10:06','2020-03-19 16:10:06'),(191,34,'Green Boehm','Eos id ut aut nihil aperiam deserunt nisi. Vitae aut sunt cum neque voluptate. Laudantium exercitationem ad rerum aut id quia ut. Veritatis provident id fugiat qui sit.',3,'2020-03-19 16:10:07','2020-03-19 16:10:07'),(192,41,'Mrs. Aglae Powlowski DVM','Est saepe expedita omnis in cupiditate. Voluptas aliquid possimus dolores modi aut. Vel voluptas recusandae aliquam suscipit tempore ex.',4,'2020-03-19 16:10:07','2020-03-19 16:10:07'),(193,28,'Eileen Monahan Sr.','Recusandae exercitationem placeat itaque distinctio culpa. Pariatur exercitationem consequatur perspiciatis nobis est ipsam. Soluta at qui ut molestiae sunt.',0,'2020-03-19 16:10:07','2020-03-19 16:10:07'),(194,15,'Norris Greenfelder','Unde sit nam voluptates voluptate illo nostrum. Delectus a sit consectetur voluptatem. Accusantium tempora eveniet officia quia fugit. Non voluptatem perferendis qui eius repudiandae.',0,'2020-03-19 16:10:07','2020-03-19 16:10:07'),(195,33,'Raoul Brown','Accusantium vel nesciunt laudantium alias. Hic fugiat et quod eos. Accusantium mollitia voluptatum eum architecto perspiciatis ea. Porro tempore sunt est fugiat libero.',0,'2020-03-19 16:10:07','2020-03-19 16:10:07'),(196,15,'Edison Fritsch','Quod illo possimus ut. Architecto consequatur et eum eveniet voluptas voluptatem sit. Provident quas aliquid quasi sed sunt ea.',4,'2020-03-19 16:10:07','2020-03-19 16:10:07'),(197,10,'Janelle Treutel','Itaque ut quis eos voluptatibus consequatur. Ut voluptas veritatis dicta enim blanditiis in veritatis. Et et aut ea quia saepe ea neque.',5,'2020-03-19 16:10:07','2020-03-19 16:10:07'),(198,27,'Lorena Nolan','Rerum sed id qui saepe dolor laborum. Aliquid itaque reprehenderit tempora enim maxime aut corrupti consequuntur. Molestias nobis sed quaerat consectetur et ullam.',3,'2020-03-19 16:10:07','2020-03-19 16:10:07'),(199,43,'Miss Corene Hackett','Eos deleniti molestiae placeat nostrum quis ipsa sit. Sit ipsum impedit voluptas et incidunt non. Ipsam qui cum doloribus alias.',1,'2020-03-19 16:10:07','2020-03-19 16:10:07'),(200,11,'Miss Lenna Watsica V','Eos deserunt quia dolores qui. Ut dolor inventore repellendus similique quo molestiae beatae maxime. Illo ut et iusto itaque. Ea nam laudantium dicta labore dignissimos consequatur aut velit. Minima neque consequatur dolorem exercitationem iste.',4,'2020-03-19 16:10:08','2020-03-19 16:10:08'),(201,41,'Otha Larkin','Reprehenderit hic vel quis perferendis quas. Rerum atque ut cumque cumque. Dicta et nobis et omnis et laboriosam. Dolorem autem ab blanditiis et.',1,'2020-03-19 16:10:08','2020-03-19 16:10:08'),(202,3,'Miss Larissa White','Asperiores sint et veniam qui reprehenderit assumenda. Delectus accusamus voluptas commodi provident repudiandae voluptatem. Aut doloribus quo aliquid sunt dolor unde et.',5,'2020-03-19 16:10:08','2020-03-19 16:10:08'),(203,12,'Melba Kessler Sr.','Non velit earum doloribus ut eius hic et. Accusantium odio labore ut et enim rerum natus. Eum ad autem quo et nulla.',4,'2020-03-19 16:10:08','2020-03-19 16:10:08'),(204,32,'Mrs. Princess Weimann','Temporibus nostrum qui omnis soluta delectus quia cupiditate. Optio placeat ex eum minus. Quibusdam ducimus qui aut dicta inventore voluptatum aut. Asperiores qui quas maxime et magnam nihil ut.',5,'2020-03-19 16:10:08','2020-03-19 16:10:08'),(205,47,'Pamela Effertz','Illum ducimus accusantium id eius. Optio voluptas et qui culpa quisquam non. Maiores qui laboriosam enim consectetur sit animi voluptatem cupiditate. Nemo dolores voluptas rerum id ea sint.',5,'2020-03-19 16:10:08','2020-03-19 16:10:08'),(206,47,'Jermaine Weber II','Mollitia sequi quibusdam tenetur animi quo quisquam. Est est in est consequuntur odit. Quia vitae cupiditate et est amet dolor vero. Earum amet expedita qui aut assumenda quo.',1,'2020-03-19 16:10:08','2020-03-19 16:10:08'),(207,49,'Mrs. Deborah Welch II','Aut neque iste expedita rerum praesentium. Illo sunt molestiae occaecati et sed est velit dolores. Facere odit repellat voluptatem vero aperiam.',3,'2020-03-19 16:10:08','2020-03-19 16:10:08'),(208,36,'Prof. Katlynn Jacobson','Ex voluptate totam omnis vitae. Quae animi eaque quidem quo ut dolores. Perferendis est voluptatem consequatur et tempora repellat aspernatur ut.',5,'2020-03-19 16:10:08','2020-03-19 16:10:08'),(209,16,'Oren Kulas','Nesciunt dolores aut non qui fuga aut. Sit est inventore dolorum architecto et eum. Et error pariatur qui sint.',3,'2020-03-19 16:10:09','2020-03-19 16:10:09'),(210,27,'Ariel Kulas Sr.','Sit quos ut ad a. Natus occaecati et quam libero deleniti corporis et. Voluptatem asperiores non non dignissimos nobis voluptatum quia.',5,'2020-03-19 16:10:09','2020-03-19 16:10:09'),(211,23,'Marie Jenkins','Et officiis rerum tempore. Sed dicta qui rem quia hic. Cupiditate et non id voluptatem omnis quos. Quisquam ducimus neque architecto vel qui iusto non.',3,'2020-03-19 16:10:09','2020-03-19 16:10:09'),(212,41,'Mr. Webster Watsica','Provident voluptates laboriosam suscipit adipisci maxime. Quo suscipit veritatis in recusandae. Hic hic reprehenderit voluptate vero ipsa eligendi et. Reprehenderit expedita consequatur hic itaque officiis id possimus.',1,'2020-03-19 16:10:09','2020-03-19 16:10:09'),(213,33,'Dr. Jakob Rau PhD','Et non quo ratione voluptas. Suscipit quas expedita et delectus numquam sint similique. Nihil totam cupiditate officia consectetur ut dolorem. Dolorem recusandae qui et quaerat earum facilis unde.',5,'2020-03-19 16:10:09','2020-03-19 16:10:09'),(214,19,'Prof. Alice Renner','Temporibus quia eum cum officia et. Magnam officia incidunt pariatur quia non inventore officiis quas. Omnis atque modi expedita qui.',5,'2020-03-19 16:10:09','2020-03-19 16:10:09'),(215,12,'Tyrique Shanahan','Voluptas dolores animi eum quae. Impedit qui soluta aut perferendis est aut dolor. Tempore perspiciatis labore aliquid expedita nihil.',3,'2020-03-19 16:10:09','2020-03-19 16:10:09'),(216,27,'Maureen Kunze','Ut unde dolores est quas eveniet. Qui quis sit quasi inventore. A laudantium et corporis praesentium enim. Aliquid corrupti dolor praesentium est non eligendi.',1,'2020-03-19 16:10:09','2020-03-19 16:10:09'),(217,25,'Lottie Kozey','Dignissimos magnam qui quae at porro. Perspiciatis asperiores sequi totam libero autem. Voluptates quibusdam nostrum eaque deserunt quia et consectetur et.',5,'2020-03-19 16:10:10','2020-03-19 16:10:10'),(218,46,'Lina Bosco','Soluta beatae in vel nostrum illo. Aspernatur et voluptatum recusandae recusandae doloribus sint. Blanditiis pariatur autem dolorem aut pariatur.',5,'2020-03-19 16:10:10','2020-03-19 16:10:10'),(219,45,'Mr. Myrl Koelpin','Vitae aut deserunt adipisci commodi sunt et beatae dolores. Quibusdam corporis id quas odio et fugit debitis dolores. Laudantium dolor nostrum odit ad sed. Et aperiam cumque magni illum maxime voluptas harum nesciunt.',5,'2020-03-19 16:10:10','2020-03-19 16:10:10'),(220,28,'Francesco Goyette V','Voluptas ex est assumenda voluptas dolorem cumque enim. Facilis voluptatibus dignissimos rerum aliquid et voluptates rem. Modi non quia dolores aut minima.',1,'2020-03-19 16:10:10','2020-03-19 16:10:10'),(221,24,'Dr. Abbie Klein DDS','Sed distinctio voluptatem voluptates sed deserunt. Maiores nulla mollitia modi eveniet ea et. Consectetur similique quia et voluptate voluptate beatae minus. Porro dolor et non aspernatur quia atque.',5,'2020-03-19 16:10:10','2020-03-19 16:10:10'),(222,48,'Brayan Zemlak III','Omnis ab sint accusamus recusandae est est. Repellat necessitatibus dolor laudantium beatae maiores porro. Explicabo aperiam a temporibus sint.',1,'2020-03-19 16:10:10','2020-03-19 16:10:10'),(223,11,'Immanuel Gusikowski','Et voluptas nihil dicta facere. Omnis sit cumque aut et vitae dolorem.',1,'2020-03-19 16:10:10','2020-03-19 16:10:10'),(224,28,'Kadin Towne','Itaque enim quibusdam ducimus ad. Odio incidunt omnis non deserunt unde aut dolorum. Dolore deserunt dolores quam autem incidunt consequatur facere quis. Molestias expedita dolores ea eius cupiditate et.',5,'2020-03-19 16:10:10','2020-03-19 16:10:10'),(225,3,'Dr. Judah Glover Jr.','Voluptas ipsam alias blanditiis ullam placeat placeat. Consectetur impedit architecto omnis ipsam hic. Alias esse minima voluptas rem culpa et aliquid.',4,'2020-03-19 16:10:11','2020-03-19 16:10:11'),(226,24,'Emerson Schaefer','Vitae voluptates aspernatur culpa repellat qui dolore quos. Dolor qui nisi error ut accusantium necessitatibus quisquam. Incidunt tenetur eveniet doloribus ut dolores quas. Et dolor dolore ea sit repellendus aliquid provident. Qui et quis delectus expedita et culpa et.',0,'2020-03-19 16:10:11','2020-03-19 16:10:11'),(227,21,'Martin Stroman','Quia culpa error minima rerum pariatur nostrum. Similique molestias odio quia aperiam alias sit. Ab dolores doloribus id id aut. Distinctio amet accusantium possimus est sint aut cupiditate officia.',0,'2020-03-19 16:10:11','2020-03-19 16:10:11'),(228,40,'Tiana Turcotte','Cum dolorem commodi nostrum in voluptates provident quos. Et unde et nisi non natus repellendus. Nam deserunt nisi non.',5,'2020-03-19 16:10:11','2020-03-19 16:10:11'),(229,17,'Miracle Hintz','Fuga est sit qui. Perferendis aperiam consectetur assumenda quam. Error ratione saepe quia nemo et amet.',2,'2020-03-19 16:10:11','2020-03-19 16:10:11'),(230,21,'Julio Bogan Sr.','Autem et vero et. Quasi adipisci est eum velit rerum veniam. Esse enim et accusantium qui qui ad vero atque. Dolore tenetur at omnis quisquam iure quia.',0,'2020-03-19 16:10:11','2020-03-19 16:10:11'),(231,4,'Mafalda Hettinger V','Fugiat et qui totam. Quos aut vitae repellendus tempore ea. Saepe ea sit quia et ad id vitae qui. Quaerat provident cumque provident commodi iusto at.',3,'2020-03-19 16:10:11','2020-03-19 16:10:11'),(232,12,'Mrs. Hanna Schamberger II','Ut voluptatibus dolorum sequi. Omnis repudiandae quam sed sit et. Id accusantium totam at eum. Rem deleniti aut officiis sequi numquam.',3,'2020-03-19 16:10:12','2020-03-19 16:10:12'),(233,1,'Sylvia Durgan','Fugit esse totam et aut qui. Quia rem recusandae eum neque magnam eos.',4,'2020-03-19 16:10:12','2020-03-19 16:10:12'),(234,25,'Westley Ritchie','Eum voluptatem maxime consequatur eos. Harum rerum voluptas sit magni assumenda. Eaque nobis aut aut qui.',0,'2020-03-19 16:10:12','2020-03-19 16:10:12'),(235,1,'Hertha Pouros PhD','Placeat libero dolore ut quas velit. Architecto similique deserunt provident. Ea laboriosam maxime rerum laboriosam libero voluptas. Nihil suscipit non et id voluptas minus.',1,'2020-03-19 16:10:12','2020-03-19 16:10:12'),(236,29,'Celine Boyle IV','Velit ea amet iste quos officiis nam. Nostrum voluptates eos delectus pariatur. Unde molestias qui ex perferendis aspernatur in minima.',3,'2020-03-19 16:10:12','2020-03-19 16:10:12'),(237,11,'Dillon O\'Conner','Quidem qui quibusdam autem sunt eos non. Praesentium iusto impedit esse et. Ducimus quibusdam minima mollitia repudiandae suscipit neque omnis.',0,'2020-03-19 16:10:12','2020-03-19 16:10:12'),(238,21,'Alayna Turcotte','Et beatae consequatur iste. Aspernatur exercitationem quisquam facere similique quisquam. Totam earum veritatis ullam. Et voluptas error dolorum similique corporis eum rerum.',2,'2020-03-19 16:10:12','2020-03-19 16:10:12'),(239,18,'Timmy Langosh','Incidunt qui deleniti repudiandae voluptate quisquam. Occaecati facilis ea tempore incidunt architecto rerum. Assumenda dolorem facere nam recusandae omnis quasi ut.',0,'2020-03-19 16:10:12','2020-03-19 16:10:12'),(240,7,'Javon Morissette','Excepturi quis quia quia quia ipsam vitae asperiores alias. Aut quasi nihil ut rem unde ab tempore consequatur. Id commodi soluta exercitationem dolore autem qui. At aut autem voluptates quo.',5,'2020-03-19 16:10:12','2020-03-19 16:10:12'),(241,41,'Grace Ward','Ducimus quis temporibus quo eos tempora assumenda facere. Tempora eligendi doloribus inventore quae veniam rem provident.',0,'2020-03-19 16:10:13','2020-03-19 16:10:13'),(242,4,'Alexane Towne','Nulla explicabo doloribus aperiam fugit saepe nihil velit. Cum similique dolorem asperiores officiis a culpa molestias. Omnis ducimus autem nihil enim voluptas et itaque. Iusto vitae ipsum ut vero sit et qui.',2,'2020-03-19 16:10:13','2020-03-19 16:10:13'),(243,16,'Chyna Grant','Voluptas tempora ut cum vel. Qui blanditiis consequatur consequatur asperiores. Adipisci fugit saepe placeat eum tempora.',1,'2020-03-19 16:10:13','2020-03-19 16:10:13'),(244,3,'Prof. Jackie Weber','Inventore porro nihil aliquid repellat ipsam. Veniam dicta sed aliquam voluptas numquam et. Sapiente aliquid cupiditate quia reiciendis minus velit fuga.',5,'2020-03-19 16:10:13','2020-03-19 16:10:13'),(245,46,'Junior Lind IV','Cumque sapiente consequatur fugit possimus. Rerum fuga quia minus.',1,'2020-03-19 16:10:13','2020-03-19 16:10:13'),(246,11,'Rosalia Blick','Quo totam cumque tempore quia. Voluptatum rem quidem incidunt rerum ad enim a. Ea quia culpa dolores mollitia. Maxime voluptatem eum voluptas fugit a nostrum.',1,'2020-03-19 16:10:13','2020-03-19 16:10:13'),(247,33,'Ceasar Carroll','A placeat non provident. Saepe adipisci quibusdam quo delectus modi ut vel. Temporibus deleniti voluptatem recusandae vero inventore saepe.',0,'2020-03-19 16:10:13','2020-03-19 16:10:13'),(248,5,'Mr. Leonel Schultz IV','Cum alias ea nesciunt qui maiores. Et dolor sed velit nostrum perspiciatis. Vero vero quis repellat at consequatur eos saepe deserunt. Eaque eius magnam laborum dolore facilis vitae expedita.',1,'2020-03-19 16:10:13','2020-03-19 16:10:13'),(249,50,'Zachary Bergnaum','Debitis voluptate ipsam id non labore soluta incidunt sit. Omnis aut nihil dicta quis laborum quo voluptatibus. Fugit dignissimos sed veniam enim velit odit.',3,'2020-03-19 16:10:13','2020-03-19 16:10:13'),(250,41,'Tanner Spencer','Similique sed doloremque officia dignissimos porro. Laudantium non eligendi ipsam ratione. Necessitatibus maiores aperiam rerum quibusdam iste. Doloribus rerum vero et dolores earum doloremque.',3,'2020-03-19 16:10:13','2020-03-19 16:10:13'),(251,19,'Raoul Greenfelder','Non delectus aut id maiores quo exercitationem. Ea quis rerum facere. Facere atque tenetur quia sed atque dolor.',5,'2020-03-19 16:10:14','2020-03-19 16:10:14'),(252,50,'Mr. Vern Maggio','Nam rem sed qui iste quidem laboriosam. Odio dolores voluptas voluptates facere. Pariatur atque aliquam quos.',5,'2020-03-19 16:10:14','2020-03-19 16:10:14'),(253,12,'Leonora Keeling','Tempora maiores vel recusandae ea nobis ab. Quidem quibusdam impedit aut est aut molestias. Dolor repudiandae sapiente ducimus.',3,'2020-03-19 16:10:14','2020-03-19 16:10:14'),(254,50,'Ewell Kohler DDS','Voluptas quae exercitationem aliquid cupiditate unde. Consequatur enim perferendis fugiat recusandae. Rerum esse ullam doloribus aliquam qui aperiam ex.',3,'2020-03-19 16:10:14','2020-03-19 16:10:14'),(255,3,'Mozelle Hudson','Adipisci molestiae similique voluptas eveniet ut. Suscipit porro qui quae et voluptates.',4,'2020-03-19 16:10:14','2020-03-19 16:10:14'),(256,31,'Dr. Janis Schiller','Dolorum nihil reprehenderit voluptatibus et modi necessitatibus aut. Maiores modi eaque asperiores quisquam. Quia velit sequi provident eum et quia. Veritatis aut similique vitae quis et dolor ut.',1,'2020-03-19 16:10:14','2020-03-19 16:10:14'),(257,46,'Sammy Boyer DVM','Iste omnis eum esse nemo illum. Dignissimos optio fuga quod voluptas. Atque a magnam est nihil sunt. Facilis ad sit sequi qui.',2,'2020-03-19 16:10:14','2020-03-19 16:10:14'),(258,27,'Baby Bashirian','Incidunt et atque dicta minus sint a neque. Explicabo ut voluptatem animi dolorum. Autem rerum est modi vitae magni aut. Aspernatur nisi voluptas tempora est vitae.',5,'2020-03-19 16:10:14','2020-03-19 16:10:14'),(259,14,'Lance Dicki','Aliquam est expedita eum tenetur. Reprehenderit maiores placeat dolorum quasi accusantium dolorem ipsum sapiente. Aperiam dolorem accusantium consequatur molestiae. Adipisci optio officiis laborum ea aperiam dolore.',0,'2020-03-19 16:10:15','2020-03-19 16:10:15'),(260,47,'Claire Gleichner','Omnis itaque quia dolor tempora voluptatibus earum. Accusamus occaecati omnis nostrum voluptatem alias. Ut hic culpa iste deleniti enim et. Aut sit blanditiis sequi impedit blanditiis non.',2,'2020-03-19 16:10:15','2020-03-19 16:10:15'),(261,2,'Sherman Beer','Omnis est illum culpa asperiores maxime omnis aperiam. Expedita voluptatibus beatae nesciunt. Aliquam explicabo dicta atque aut eaque.',4,'2020-03-19 16:10:15','2020-03-19 16:10:15'),(262,19,'Mr. Brody Walker I','Ipsum dolorum labore nihil et qui. Eos corporis modi eos laborum. Explicabo possimus dolor explicabo dicta eos. Pariatur in aliquam labore at distinctio tempora. Laudantium modi architecto quia odio cupiditate.',0,'2020-03-19 16:10:15','2020-03-19 16:10:15'),(263,36,'Torrey Kub DDS','Quisquam explicabo ut ea consectetur officiis deleniti ea eius. Blanditiis aut dolorem inventore id atque ad suscipit quia. Nam veniam reprehenderit maxime sunt. Fugiat vitae deserunt id.',4,'2020-03-19 16:10:15','2020-03-19 16:10:15'),(264,1,'Layla Mueller','Explicabo est praesentium vero dolore. Minima ut sint maiores in accusantium. Facere et incidunt est eos. Impedit quo praesentium omnis quis quos dolore eligendi.',1,'2020-03-19 16:10:15','2020-03-19 16:10:15'),(265,7,'Osbaldo Conroy','Id blanditiis cupiditate maxime itaque. In tempore debitis consequatur officia atque ut aliquam corporis. Eum ut aut odio quia. Itaque voluptatem consequatur sed eaque.',5,'2020-03-19 16:10:15','2020-03-19 16:10:15'),(266,19,'Angel Nienow','Deleniti qui aut architecto et voluptas. Molestiae porro excepturi ducimus aut modi. Enim omnis quia nostrum et rerum et tempore. Sed repellendus ipsam commodi dolor eum quia reiciendis. Excepturi deleniti molestiae hic et.',2,'2020-03-19 16:10:15','2020-03-19 16:10:15'),(267,17,'Mrs. Fannie Larson II','Error occaecati placeat ut vitae. Omnis incidunt architecto eum expedita voluptas. Porro eum consequuntur cumque consequatur excepturi aliquid. Voluptatem pariatur vitae consequuntur quia qui tempore ducimus ullam. Est mollitia autem dolorem voluptate quisquam nemo voluptas.',4,'2020-03-19 16:10:15','2020-03-19 16:10:15'),(268,6,'Kelvin Kuvalis I','Itaque aut cum ab veritatis qui libero temporibus. Officiis reiciendis eos deleniti facilis. Dolorem laborum et temporibus pariatur enim sequi et distinctio. Qui et exercitationem deserunt molestiae saepe.',4,'2020-03-19 16:10:16','2020-03-19 16:10:16'),(269,28,'Angus Shanahan','Nisi voluptatem natus quidem et ex amet. Eius blanditiis ut quos possimus unde unde. Consectetur officia quisquam iste deserunt voluptatibus consequatur eligendi. Exercitationem perspiciatis sunt quasi doloribus. Ullam rerum et voluptas unde.',3,'2020-03-19 16:10:16','2020-03-19 16:10:16'),(270,6,'Alysa Waters','Quidem eligendi velit ipsum rem inventore. Consequuntur perferendis est voluptatem debitis modi ut alias.',4,'2020-03-19 16:10:16','2020-03-19 16:10:16'),(271,25,'Malinda Hilpert','Dolores occaecati sint ex at laboriosam voluptatum facilis. Optio quam rerum magnam. Occaecati perferendis qui earum non laborum. Accusamus molestiae omnis tenetur dignissimos occaecati.',2,'2020-03-19 16:10:16','2020-03-19 16:10:16'),(272,15,'Ms. Janessa Reinger DVM','Est molestiae numquam sit cum inventore et. Exercitationem autem necessitatibus enim id. Nam accusantium quam occaecati sed ut. Incidunt minima dolorem delectus facilis in nihil ut. Sunt aut dolores quia fugit eos doloribus earum.',0,'2020-03-19 16:10:16','2020-03-19 16:10:16'),(273,30,'Modesta Fay III','Asperiores pariatur laudantium error veritatis quia voluptatem. Quia consequatur ipsam dolor voluptas iusto nostrum. Nisi consequatur fugiat aut.',2,'2020-03-19 16:10:16','2020-03-19 16:10:16'),(274,29,'Mrs. Constance Parisian DVM','Accusantium dolor aut qui natus est. Quia porro et dolorem voluptas accusamus. Quia et ut aspernatur.',2,'2020-03-19 16:10:16','2020-03-19 16:10:16'),(275,33,'Reagan Hilpert','Culpa impedit dolores sunt sed quas tempore quo. Nulla expedita repellendus aspernatur beatae repudiandae. Iure autem aliquid sapiente qui.',0,'2020-03-19 16:10:16','2020-03-19 16:10:16'),(276,7,'Betty Keeling','Dolore sed ut officia ea aperiam similique quis. Iste quia necessitatibus earum voluptatem iure facere.',1,'2020-03-19 16:10:17','2020-03-19 16:10:17'),(277,44,'Verla Wolf','Ratione est ea nobis voluptatum. Eveniet omnis corporis vel quidem. Et ad velit non harum dolores quod suscipit. Atque cum distinctio et tempore debitis qui.',2,'2020-03-19 16:10:17','2020-03-19 16:10:17'),(278,22,'Dr. Lexi Gibson DVM','Maxime ex laudantium accusantium ut eos eum. Facere et totam consequuntur ratione. Molestiae alias earum accusantium doloribus explicabo. Natus temporibus distinctio ut accusantium enim id. Natus qui atque quo neque molestiae eos voluptatem.',3,'2020-03-19 16:10:17','2020-03-19 16:10:17'),(279,34,'Estevan Raynor','Reiciendis illum ipsum quia accusamus ut iusto quis. Sunt ea voluptatem sapiente voluptas enim esse deleniti. Laudantium soluta eligendi fuga. Tenetur minima cumque sint id rerum aliquid ab.',1,'2020-03-19 16:10:17','2020-03-19 16:10:17'),(280,32,'Myrtie Gleason','Animi vitae in consequatur et temporibus molestiae reprehenderit eveniet. Quo odit voluptas architecto fugit excepturi nobis. Voluptas error quibusdam et voluptatem quam. Qui sed quia occaecati.',1,'2020-03-19 16:10:17','2020-03-19 16:10:17'),(281,45,'Tyra Thompson Jr.','Voluptatum molestias laudantium dolores. Excepturi quos aliquid rem ratione. Vitae et et tempore non. Cumque aperiam natus aut deleniti aut sunt facilis.',3,'2020-03-19 16:10:17','2020-03-19 16:10:17'),(282,31,'Ezra Volkman','Et qui autem voluptatum eaque earum. Corporis cumque ipsa alias et et non.',4,'2020-03-19 16:10:17','2020-03-19 16:10:17'),(283,28,'Mozelle Mills','Est recusandae autem tempore quasi. Assumenda quibusdam veritatis soluta labore laudantium inventore. Architecto dolor consequatur minus reprehenderit.',1,'2020-03-19 16:10:18','2020-03-19 16:10:18'),(284,50,'Dr. Kory Borer PhD','Ab dicta nisi hic ipsam a optio nostrum. Exercitationem debitis et odit doloribus molestias eius. Quia et ipsam possimus cupiditate iusto consequatur. Ipsa magnam temporibus reiciendis assumenda nobis aliquid enim omnis.',0,'2020-03-19 16:10:18','2020-03-19 16:10:18'),(285,23,'Agnes Hammes','Sit at est sed molestiae consequuntur reiciendis animi. Quis architecto quae quos recusandae. Voluptatibus itaque et aperiam molestiae.',4,'2020-03-19 16:10:18','2020-03-19 16:10:18'),(286,29,'Miss Estrella Bailey','Voluptatem quaerat sapiente ut. Doloremque doloremque corrupti sit porro dolores. Sint debitis reiciendis commodi natus neque.',1,'2020-03-19 16:10:18','2020-03-19 16:10:18'),(287,30,'Prof. Carlo King Jr.','Sint numquam aut perspiciatis necessitatibus qui quia qui quia. Quis in ipsa ab veniam quos.',3,'2020-03-19 16:10:18','2020-03-19 16:10:18'),(288,22,'Kaelyn DuBuque','Dignissimos magni debitis ipsum. Rem dolores quis asperiores totam iusto optio inventore. Architecto debitis nulla a repudiandae quo ad. Suscipit consequatur quo eligendi voluptatem ea corporis magnam.',2,'2020-03-19 16:10:18','2020-03-19 16:10:18'),(289,32,'Kody Kulas','Excepturi laudantium numquam laudantium ut illo veniam. Veritatis quo vitae dolorum ea dignissimos voluptatem voluptate. Ut voluptatibus occaecati explicabo dolorem.',1,'2020-03-19 16:10:18','2020-03-19 16:10:18'),(290,3,'Mr. Ford Becker','Culpa odit dolorem dolorem at inventore expedita. Voluptatum sint porro fuga ducimus. Error quidem qui minima aperiam. Distinctio aut eum odit. Optio minus officia tempore asperiores dolorum.',3,'2020-03-19 16:10:18','2020-03-19 16:10:18'),(291,30,'Mr. Art Mertz Sr.','Sit provident placeat quasi itaque dolorum sit. Error eveniet repellat in excepturi. Aut dicta aut velit est temporibus non.',3,'2020-03-19 16:10:18','2020-03-19 16:10:18'),(292,50,'Esteban Schowalter','Quia eum necessitatibus ullam et vero suscipit. Consequatur consequatur quaerat fuga eos consequatur accusantium autem. Molestiae repellendus error quo consequatur est voluptatem porro.',3,'2020-03-19 16:10:19','2020-03-19 16:10:19'),(293,10,'Dr. Vesta Crooks','Deleniti ad ipsam dicta laboriosam illum. Ab nemo in autem iusto. A quisquam error nihil excepturi. Saepe consequatur praesentium accusamus qui.',0,'2020-03-19 16:10:19','2020-03-19 16:10:19'),(294,37,'Marta Beier','Id consequuntur qui minima. Soluta illum incidunt qui distinctio sequi neque. Dolores repellat totam architecto voluptates est vitae a. Aut incidunt numquam eos consequuntur dolores atque.',0,'2020-03-19 16:10:19','2020-03-19 16:10:19'),(295,29,'Cynthia Sawayn','Magnam inventore amet consequatur iste. Eos et mollitia eligendi. Saepe sunt quia eum velit dolores veniam doloribus.',4,'2020-03-19 16:10:19','2020-03-19 16:10:19'),(296,37,'Robert Reichert','Possimus facilis explicabo nihil architecto facilis in facere et. Dignissimos magnam nobis quia adipisci quidem. Facere enim suscipit molestiae qui quos alias ipsa. Occaecati temporibus dolor a. Blanditiis consequatur delectus voluptatibus debitis quos id quaerat.',2,'2020-03-19 16:10:19','2020-03-19 16:10:19'),(297,37,'Jimmie Heaney','Quas laboriosam beatae repellendus omnis autem. Est aut est modi nostrum iure. Vel non assumenda nisi vel ut.',1,'2020-03-19 16:10:19','2020-03-19 16:10:19'),(298,40,'Rogelio Green','Molestiae labore alias quam quod. Quasi qui fugiat est modi. Praesentium ipsa aut voluptatibus vel doloremque aliquid.',2,'2020-03-19 16:10:19','2020-03-19 16:10:19'),(299,40,'Ms. Rubie Kunde','Commodi consequatur officia iste est. Nobis rerum id expedita culpa qui natus. Necessitatibus occaecati in omnis qui fugiat. Sed cumque quo laboriosam cumque minima. Explicabo ut laborum itaque vel et aut.',1,'2020-03-19 16:10:19','2020-03-19 16:10:19'),(300,32,'Olaf Kertzmann','Minus dolores at dolore magni sed vel. Eum beatae iure ut perferendis.',4,'2020-03-19 16:10:19','2020-03-19 16:10:19');
/*!40000 ALTER TABLE `reviews` ENABLE KEYS */;
UNLOCK TABLES;

--
-- Table structure for table `users`
--

DROP TABLE IF EXISTS `users`;
/*!40101 SET @saved_cs_client     = @@character_set_client */;
/*!50503 SET character_set_client = utf8mb4 */;
CREATE TABLE `users` (
  `id` bigint unsigned NOT NULL AUTO_INCREMENT,
  `name` varchar(255) COLLATE utf8mb4_unicode_ci NOT NULL,
  `email` varchar(255) COLLATE utf8mb4_unicode_ci NOT NULL,
  `password` varchar(255) COLLATE utf8mb4_unicode_ci NOT NULL,
  `remember_token` varchar(100) COLLATE utf8mb4_unicode_ci DEFAULT NULL,
  `created_at` timestamp NULL DEFAULT NULL,
  `updated_at` timestamp NULL DEFAULT NULL,
  PRIMARY KEY (`id`),
  UNIQUE KEY `users_email_unique` (`email`)
) ENGINE=InnoDB DEFAULT CHARSET=utf8mb4 COLLATE=utf8mb4_unicode_ci;
/*!40101 SET character_set_client = @saved_cs_client */;

--
-- Dumping data for table `users`
--

LOCK TABLES `users` WRITE;
/*!40000 ALTER TABLE `users` DISABLE KEYS */;
/*!40000 ALTER TABLE `users` ENABLE KEYS */;
UNLOCK TABLES;
/*!40103 SET TIME_ZONE=@OLD_TIME_ZONE */;

/*!40101 SET SQL_MODE=@OLD_SQL_MODE */;
/*!40014 SET FOREIGN_KEY_CHECKS=@OLD_FOREIGN_KEY_CHECKS */;
/*!40014 SET UNIQUE_CHECKS=@OLD_UNIQUE_CHECKS */;
/*!40101 SET CHARACTER_SET_CLIENT=@OLD_CHARACTER_SET_CLIENT */;
/*!40101 SET CHARACTER_SET_RESULTS=@OLD_CHARACTER_SET_RESULTS */;
/*!40101 SET COLLATION_CONNECTION=@OLD_COLLATION_CONNECTION */;
/*!40111 SET SQL_NOTES=@OLD_SQL_NOTES */;

-- Dump completed on 2020-03-19 10:19:55
